date,open,high,low,close,volume,symbol
2020-01-02,1.4468503,1.4874618,1.4262998,1.4287,28020354.0,OYAKC
2020-01-03,1.3859328,1.4165138,1.3577983,1.3602,21779804.0,OYAKC
2020-01-07,1.3198777,1.3504587,1.2966362,1.3064,33798371.0,OYAKC
2020-01-08,1.2978593,1.3113152,1.2746179,1.2966,13233119.07,OYAKC
2020-01-09,1.3225689,1.3357799,1.3113152,1.3333,20013623.93,OYAKC
2020-01-10,1.3360245,1.3480124,1.3186545,1.3235,12162896.0,OYAKC
2020-01-13,1.3335781,1.3406729,1.3235474,1.3333,9337096.0,OYAKC
2020-01-14,1.3472784,1.3993884,1.316208,1.3847,23631646.0,OYAKC
2020-01-15,1.3832417,1.411621,1.3553518,1.3725,12980080.0,OYAKC
2020-01-16,1.37052,1.3896025,1.3431193,1.348,9699687.0,OYAKC
2020-01-17,1.3440979,1.3651377,1.3284404,1.3358,6207821.0,OYAKC
2020-01-20,1.352416,1.3675841,1.3382263,1.3505,6293573.0,OYAKC
2020-01-21,1.380306,1.4067279,1.3357799,1.392,20401269.0,OYAKC
2020-01-22,1.3959633,1.4091744,1.387156,1.3872,14903485.0,OYAKC
2020-01-23,1.4138228,1.4336393,1.387156,1.3945,27148105.0,OYAKC
2020-01-24,1.3761469,1.4042814,1.3553518,1.37,19262102.0,OYAKC
2020-01-27,1.3800611,1.4042814,1.3504587,1.3505,20689691.0,OYAKC
2020-01-28,1.3543731,1.3773701,1.3406729,1.348,11448158.0,OYAKC
2020-01-29,1.3710092,1.387156,1.3504587,1.3627,22958142.0,OYAKC
2020-01-30,1.3485016,1.3675841,1.3382263,1.3431,9895078.0,OYAKC
2020-01-31,1.3465445,1.3602446,1.3357799,1.3382,9583924.0,OYAKC
2020-02-03,1.3516821,1.3700306,1.3308868,1.3456,10870815.0,OYAKC
2020-02-04,1.366361,1.3798165,1.3529053,1.3676,11897290.0,OYAKC
2020-02-05,1.3773701,1.3896025,1.3602446,1.3651,14119850.0,OYAKC
2020-02-06,1.37052,1.3822631,1.3577983,1.3651,7459709.0,OYAKC
2020-02-07,1.3866668,1.4262998,1.3602446,1.3676,22469069.0,OYAKC
2020-02-10,1.3609787,1.4287463,1.240367,1.3089,48429360.0,OYAKC
2020-02-11,1.3188992,1.3577983,1.2941896,1.326,12152085.0,OYAKC
2020-02-12,1.3215903,1.3382263,1.3039756,1.3138,8637562.0,OYAKC
2020-02-13,1.3211011,1.3308868,1.3064221,1.3211,8426346.0,OYAKC
2020-02-14,1.3220795,1.3333334,1.3088685,1.3113,7786699.0,OYAKC
2020-02-17,1.327462,1.3406729,1.3113152,1.3284,9252344.0,OYAKC
2020-02-18,1.3230582,1.3333334,1.316208,1.3187,5104182.0,OYAKC
2020-02-20,1.2743732,1.2990826,1.255046,1.2624,9380585.0,OYAKC
2020-02-21,1.3763914,1.4434252,1.3088685,1.3382,99957261.0,OYAKC
2020-02-24,1.2951684,1.3455658,1.2746179,1.2966,37361691.0,OYAKC
2020-02-25,1.2976147,1.3137615,1.2844038,1.3064,39652348.0,OYAKC
2020-02-26,1.3015292,1.3088685,1.2966362,1.3015,20569278.0,OYAKC
2020-02-27,1.29052,1.3015292,1.2770642,1.282,23528192.0,OYAKC
2020-02-28,1.2548014,1.2746179,1.2159022,1.2526,48302951.0,OYAKC
2020-03-02,1.2790216,1.2941896,1.2648319,1.2893,26783861.0,OYAKC
2020-03-03,1.2993273,1.3088685,1.2917433,1.3064,24469516.0,OYAKC
2020-03-04,1.3042202,1.3113152,1.2941896,1.2942,24724460.0,OYAKC
2020-03-05,1.3005506,1.3064221,1.2966362,1.2991,16745300.0,OYAKC
2020-03-06,1.3054435,1.316208,1.2966362,1.304,25168621.0,OYAKC
2020-03-09,1.2954129,1.3015292,1.2868502,1.2917,18606173.0,OYAKC
2020-03-10,1.2844038,1.2990826,1.2697248,1.2771,42529199.0,OYAKC
2020-03-11,1.2748624,1.2795107,1.2697248,1.2771,18386864.0,OYAKC
2020-03-12,1.2707033,1.2795107,1.2648319,1.2673,27631797.0,OYAKC
2020-03-13,1.271682,1.2844038,1.2648319,1.2697,20322263.0,OYAKC
2020-03-16,1.2359633,1.2697248,1.2036698,1.233,23128863.0,OYAKC
2020-03-17,1.1175535,1.2232417,1.1107035,1.1229,46624275.0,OYAKC
2020-03-19,1.2755965,1.2868502,1.2623854,1.2844,61347771.0,OYAKC
2020-03-20,1.2853824,1.2917433,1.2795107,1.282,25277275.0,OYAKC
2020-03-23,1.2753518,1.2917433,1.2574923,1.2893,28132824.0,OYAKC
2020-03-24,1.3056881,1.3137615,1.2966362,1.3089,12852871.0,OYAKC
2020-03-25,1.2562693,1.2868502,1.2159022,1.2428,13709260.0,OYAKC
2020-03-26,1.2342509,1.2574923,1.2134557,1.2526,4438822.0,OYAKC
2020-03-27,1.2227525,1.259939,1.1938839,1.1988,3390477.0,OYAKC
2020-03-30,1.2166362,1.2452601,1.1914374,1.2208,2106132.0,OYAKC
2020-03-31,1.2212845,1.2452601,1.2085629,1.2257,3911548.0,OYAKC
2020-04-02,1.2080735,1.2232417,1.1963303,1.2061,1518322.0,OYAKC
2020-04-03,1.2525995,1.3015292,1.2061162,1.2306,13357276.0,OYAKC
2020-04-06,1.2596942,1.2795107,1.2354741,1.2624,10531400.0,OYAKC
2020-04-07,1.2628748,1.2819573,1.2330276,1.2404,7943563.0,OYAKC
2020-04-08,1.2391438,1.2574923,1.2281346,1.2404,3567981.0,OYAKC
2020-04-09,1.2423244,1.250153,1.2354741,1.2428,3808498.0,OYAKC
2020-04-10,1.241835,1.2477065,1.2379206,1.2404,2374644.0,OYAKC
2020-04-13,1.2481959,1.2697248,1.2305812,1.2453,3288498.0,OYAKC
2020-04-15,1.2645873,1.3015292,1.2330276,1.2502,8325458.0,OYAKC
2020-04-16,1.2790216,1.3186545,1.2452601,1.2673,11701136.0,OYAKC
2020-04-20,1.285627,1.3015292,1.2648319,1.2795,8810941.0,OYAKC
2020-04-21,1.2743732,1.2990826,1.2623854,1.2795,5188889.0,OYAKC
2020-04-22,1.275107,1.2868502,1.2648319,1.2673,4178813.0,OYAKC
2020-04-24,1.2746179,1.2917433,1.259939,1.2771,3558592.0,OYAKC
2020-04-27,1.3184098,1.3577983,1.2892967,1.3309,17153039.0,OYAKC
2020-04-28,1.3717432,1.401835,1.3431193,1.3505,12446188.0,OYAKC
2020-04-29,1.343364,1.3724772,1.3211011,1.3333,7547316.0,OYAKC
2020-04-30,1.3595108,1.4140674,1.2770642,1.37,36447005.0,OYAKC
2020-05-04,1.4581041,1.5070337,1.3553518,1.507,24609137.0,OYAKC
2020-05-06,1.3587768,1.4238533,1.3113152,1.3554,21731863.0,OYAKC
2020-05-07,1.3678288,1.396942,1.3455658,1.3505,9804108.0,OYAKC
2020-05-08,1.3847096,1.4287463,1.3455658,1.3676,25762860.0,OYAKC
2020-05-11,1.3695414,1.4042814,1.3529053,1.3651,11068860.0,OYAKC
2020-05-12,1.3719877,1.3944955,1.3553518,1.3872,9985632.0,OYAKC
2020-05-13,1.3815291,1.396942,1.3529053,1.3774,6831363.0,OYAKC
2020-05-14,1.3634251,1.3749236,1.3504587,1.3554,5925057.0,OYAKC
2020-05-15,1.3849541,1.4042814,1.3577983,1.37,11622148.0,OYAKC
2020-05-18,1.4974924,1.5070337,1.4434252,1.507,62811303.0,OYAKC
2020-05-21,1.4923549,1.6024467,1.4287463,1.4483,345062317.0,OYAKC
2020-05-22,1.3847096,1.4311928,1.3602446,1.3823,170453365.0,OYAKC
2020-05-27,1.3741896,1.4042814,1.3553518,1.3749,147030006.0,OYAKC
2020-05-28,1.3869115,1.4287463,1.3553518,1.4287,156136763.0,OYAKC
2020-05-29,1.4764527,1.5168196,1.4214069,1.4924,302964545.0,OYAKC
2020-06-01,1.4749848,1.5021408,1.4556576,1.4703,76977518.0,OYAKC
2020-06-02,1.5040979,1.538838,1.4703366,1.5095,235018627.0,OYAKC
2020-06-03,1.5212233,1.538838,1.5094802,1.5144,107177487.0,OYAKC
2020-06-04,1.5075231,1.5217127,1.4972477,1.4997,82262764.0,OYAKC
2020-06-05,1.4913763,1.5094802,1.4801224,1.485,45856622.0,OYAKC
2020-06-08,1.5011623,1.5192661,1.46789,1.4728,197532657.0,OYAKC
2020-06-09,1.4585934,1.4801224,1.4409786,1.4606,55496414.0,OYAKC
2020-06-10,1.4744954,1.4801224,1.4581041,1.4679,48011642.0,OYAKC
2020-06-11,1.4788991,1.4972477,1.4581041,1.4728,93656017.0,OYAKC
2020-06-12,1.4705812,1.4825689,1.4556576,1.4752,63524755.0,OYAKC
2020-06-15,1.4823242,1.4948014,1.4654435,1.4801,99676386.0,OYAKC
2020-06-16,1.4979818,1.5070337,1.4850155,1.4972,95151887.0,OYAKC
2020-06-17,1.5004282,1.5119267,1.4899083,1.4924,78770767.0,OYAKC
2020-06-18,1.4979818,1.5045872,1.4874618,1.4948,53018752.0,OYAKC
2020-06-22,1.6134558,1.6636087,1.5241591,1.6563,556362998.0,OYAKC
2020-06-23,1.6677676,1.7296637,1.6195719,1.6489,295889744.0,OYAKC
2020-06-24,1.6325383,1.6611621,1.614679,1.6245,76189933.0,OYAKC
2020-06-25,1.5894803,1.614679,1.5779816,1.578,88355310.0,OYAKC
2020-06-26,1.6291132,1.6611621,1.5902141,1.6294,126551289.0,OYAKC
2020-06-29,1.650153,1.6660552,1.6318045,1.6514,93945584.0,OYAKC
2020-06-30,1.7003058,1.7321103,1.6636087,1.7321,196371214.0,OYAKC
2020-07-01,1.8492968,1.9033641,1.7418962,1.8593,359242910.0,OYAKC
2020-07-02,1.9456881,2.0036697,1.8617738,1.9768,254990483.0,OYAKC
2020-07-03,2.0623856,2.1015291,1.9987769,2.0575,199563000.0,OYAKC
2020-07-07,2.4026914,2.4880736,2.2311928,2.4147,583216701.0,OYAKC
2020-07-08,2.3760247,2.505199,2.2776759,2.3046,331715623.0,OYAKC
2020-07-09,2.1988993,2.3290522,2.1162078,2.1235,333220559.0,OYAKC
2020-07-10,2.0518656,2.1211011,1.9914374,2.0673,176613676.0,OYAKC
2020-07-14,2.3077676,2.3804283,2.2189603,2.263,355647662.0,OYAKC
2020-07-16,2.247584,2.3363914,2.1993885,2.1994,166418366.0,OYAKC
2020-07-17,2.2130885,2.272783,2.1357799,2.2336,241003385.0,OYAKC
2020-07-20,2.2250767,2.2556577,2.17737,2.1994,196125413.0,OYAKC
2020-07-21,2.2766974,2.3412845,2.192049,2.2263,722864261.0,OYAKC
2020-07-22,2.225566,2.2899084,2.1724772,2.1896,236471527.0,OYAKC
2020-07-24,2.1619573,2.187156,2.1431196,2.1529,115251434.0,OYAKC
2020-07-29,2.0166361,2.0623856,1.9449543,2.0404,121372858.0,OYAKC
2020-07-30,2.0281346,2.0648317,2.0134556,2.033,29363421.0,OYAKC
2020-08-04,1.9691743,2.0892968,1.8299695,1.9058,111946619.0,OYAKC
2020-08-05,1.9532723,2.0232418,1.8348625,1.9817,165478324.0,OYAKC
2020-08-06,1.8864833,2.0012236,1.8006117,1.8153,103608132.0,OYAKC
2020-08-07,1.7807951,1.8788992,1.6538228,1.874,139209474.0,OYAKC
2020-08-10,1.9246485,2.018349,1.7614679,1.9743,207291840.0,OYAKC
2020-08-11,1.9968197,2.0477066,1.9082571,1.989,143876687.0,OYAKC
2020-08-12,1.9848318,2.0110095,1.9449543,1.9719,85431310.0,OYAKC
2020-08-13,1.9569421,1.9889909,1.9082571,1.9132,64494815.0,OYAKC
2020-08-14,1.8889298,1.9082571,1.8691133,1.8813,37997246.0,OYAKC
2020-08-17,1.880367,1.9107034,1.837309,1.8716,64170031.0,OYAKC
2020-08-18,1.8972479,1.927829,1.8617738,1.8789,92317006.0,OYAKC
2020-08-19,1.9058106,1.9253824,1.8862387,1.918,96053856.0,OYAKC
2020-08-20,1.9515599,2.0012236,1.8837922,1.945,168770296.0,OYAKC
2020-08-21,1.9359024,1.984098,1.8764528,1.8765,73961580.0,OYAKC
2020-08-24,1.8970033,1.9155964,1.8764528,1.8838,57314250.0,OYAKC
2020-08-25,1.8607951,1.9058106,1.8030581,1.8202,58423550.0,OYAKC
2020-08-26,1.8456271,1.8666668,1.8030581,1.8593,76491291.0,OYAKC
2020-08-27,1.9121714,1.969419,1.8666668,1.8985,191816901.0,OYAKC
2020-08-28,1.8955353,1.9180429,1.8740062,1.8789,58706054.0,OYAKC
2020-08-31,1.8681347,1.9107034,1.8422021,1.8446,53939099.0,OYAKC
2020-09-01,1.8436698,1.8691133,1.8201836,1.8618,40244540.0,OYAKC
2020-09-02,1.8869725,1.9082571,1.8544344,1.8813,92398773.0,OYAKC
2020-09-03,1.8808565,1.9058106,1.8446484,1.8544,58575870.0,OYAKC
2020-09-04,1.8869725,1.9107034,1.8544344,1.896,108046979.0,OYAKC
2020-09-07,1.9608564,1.9865444,1.9253824,1.9719,144746524.0,OYAKC
2020-09-08,1.9530276,1.9914374,1.9302753,1.9303,79871420.0,OYAKC
2020-09-09,1.9801835,2.0232418,1.9107034,1.9547,311981156.0,OYAKC
2020-09-10,1.9576759,1.9889909,1.9400611,1.9425,97168581.0,OYAKC
2020-09-11,1.9432416,1.9620798,1.927829,1.9352,49375471.0,OYAKC
2020-09-14,1.9434863,1.9596332,1.9302753,1.945,49012834.0,OYAKC
2020-09-15,1.9579208,1.974312,1.9155964,1.9474,109721721.0,OYAKC
2020-09-16,1.969419,1.9865444,1.9498472,1.9621,130716694.0,OYAKC
2020-09-17,1.9674618,1.9792051,1.9498472,1.9743,114157872.0,OYAKC
2020-09-18,1.9902143,2.0036697,1.9767585,1.9768,141268696.0,OYAKC
2020-09-21,1.9544955,1.9792051,1.9082571,1.9156,81061100.0,OYAKC
2020-09-22,1.9001837,1.9204895,1.8813456,1.9009,48856163.0,OYAKC
2020-09-23,1.9133946,1.927829,1.8984711,1.9009,48650524.0,OYAKC
2020-09-24,1.8979818,1.9107034,1.8862387,1.896,46800746.0,OYAKC
2020-09-25,1.9077677,1.9229358,1.893578,1.8936,117787347.0,OYAKC
2020-09-28,1.893578,1.9082571,1.8837922,1.8862,60150194.0,OYAKC
2020-09-29,1.9026301,1.9229358,1.8862387,1.8985,109582082.0,OYAKC
2020-09-30,1.9368807,1.9571867,1.9082571,1.9376,148079622.0,OYAKC
2020-10-01,1.9633027,1.9889909,1.9376148,1.9572,149765832.0,OYAKC
2020-10-02,1.9606116,1.9767585,1.9449543,1.945,77364005.0,OYAKC
2020-10-05,1.9792051,1.9963304,1.95474,1.9865,124642967.0,OYAKC
2020-10-06,1.9792051,2.0012236,1.9571867,1.9572,106803926.0,OYAKC
2020-10-07,1.9566973,1.9669725,1.9449543,1.9498,54615282.0,OYAKC
2020-10-08,1.9559635,1.9963304,1.9253824,1.9474,173462059.0,OYAKC
2020-10-09,1.9637923,1.9767585,1.95474,1.9596,95371412.0,OYAKC
2020-10-12,1.9936392,2.018349,1.9645262,2.0061,234026623.0,OYAKC
2020-10-13,2.0932112,2.140673,2.0232418,2.1235,358972324.0,OYAKC
2020-10-14,2.0951684,2.1577983,2.0574925,2.0648,209502447.0,OYAKC
2020-10-15,2.0342507,2.0623856,2.0085628,2.0208,95042403.0,OYAKC
2020-10-16,2.059694,2.0770643,2.0305812,2.0648,105772091.0,OYAKC
2020-10-19,2.0934558,2.1211011,2.0770643,2.0869,117740362.0,OYAKC
2020-10-20,2.0763307,2.09419,2.0477066,2.0869,119726640.0,OYAKC
2020-10-21,2.0949235,2.1162078,2.0672784,2.0673,154390259.0,OYAKC
2020-10-22,2.0809786,2.0990827,2.050153,2.082,145390782.0,OYAKC
2020-10-23,2.0736392,2.1064222,2.0012236,2.0648,143497193.0,OYAKC
2020-10-27,1.8607951,1.9082571,1.7859329,1.8642,118134903.0,OYAKC
2020-10-28,1.8431805,1.8691133,1.8103976,1.8104,26583372.0,OYAKC
2020-10-30,1.8527218,1.9474008,1.7345567,1.7957,280083008.0,OYAKC
2020-11-02,1.8047707,1.8348625,1.7834864,1.7933,80904435.0,OYAKC
2020-11-03,1.7871561,1.8152907,1.7614679,1.7859,60329399.0,OYAKC
2020-11-04,1.8174924,1.8348625,1.7932723,1.8251,79317003.0,OYAKC
2020-11-05,1.8431805,1.8544344,1.8201836,1.8398,87245809.0,OYAKC
2020-11-06,1.8627524,1.8862387,1.8397555,1.8716,107064370.0,OYAKC
2020-11-09,1.9456881,2.0281346,1.888685,2.0037,221324045.0,OYAKC
2020-11-10,1.9787158,1.9938838,1.95474,1.9694,130155633.0,OYAKC
2020-11-11,2.0100307,2.0305812,1.9816517,2.0061,180991659.0,OYAKC
2020-11-12,1.9814069,2.0232418,1.9180429,1.9523,119182275.0,OYAKC
2020-11-13,1.9603671,1.974312,1.927829,1.9621,71700670.0,OYAKC
2020-11-16,1.9809176,1.9963304,1.9669725,1.9792,89753051.0,OYAKC
2020-11-18,1.9398166,1.95474,1.9229358,1.9425,56364863.0,OYAKC
2020-11-19,1.9442204,1.9669725,1.9180429,1.9401,70108225.0,OYAKC
2020-11-20,1.9779817,1.9987769,1.9498472,1.9719,148611790.0,OYAKC
2020-11-23,1.9774926,1.9987769,1.9400611,1.9572,128212752.0,OYAKC
2020-11-24,2.0159023,2.0672784,1.9620798,2.0135,391448861.0,OYAKC
2020-11-25,2.016881,2.050153,1.974312,1.9768,163175212.0,OYAKC
2020-11-26,1.9843426,1.9963304,1.9718657,1.9841,79201164.0,OYAKC
2020-11-27,2.0266669,2.069725,1.9792051,2.0135,371579932.0,OYAKC
2020-11-30,1.9662386,2.0061162,1.9253824,1.9694,160113873.0,OYAKC
2020-12-01,2.0026913,2.0379207,1.9474008,2.0061,272537646.0,OYAKC
2020-12-02,2.0200613,2.0477066,1.9938838,2.0037,208738025.0,OYAKC
2020-12-03,2.0002446,2.0256882,1.974312,1.9792,105732895.0,OYAKC
2020-12-04,1.9811621,1.9987769,1.9645262,1.9768,90291706.0,OYAKC
2020-12-07,1.9853212,2.0061162,1.969419,1.9768,113697948.0,OYAKC
2020-12-10,1.9794496,1.9889909,1.969419,1.9719,103981380.0,OYAKC
2020-12-11,1.9588991,1.9767585,1.9400611,1.9572,97180311.0,OYAKC
2020-12-14,1.978471,1.9938838,1.9669725,1.9768,97980182.0,OYAKC
2020-12-15,1.9728442,1.984098,1.9645262,1.967,71991054.0,OYAKC
2020-12-16,1.9738226,1.9865444,1.9522938,1.9523,121122192.0,OYAKC
2020-12-17,1.9628134,1.9718657,1.95474,1.9596,60401351.0,OYAKC
2020-12-18,1.9948627,2.0134556,1.9596332,1.989,306713996.0,OYAKC
2020-12-21,1.9943733,2.0232418,1.9645262,1.9743,269404388.0,OYAKC
2020-12-22,2.0479512,2.0892968,1.984098,2.0771,528959183.0,OYAKC
2020-12-23,2.128196,2.221407,2.0623856,2.0746,666555746.0,OYAKC
2020-12-24,2.0604281,2.0917435,2.0403671,2.0502,241379895.0,OYAKC
2020-12-25,2.117676,2.145566,2.0525997,2.1235,399230705.0,OYAKC
2020-12-28,2.140428,2.167584,2.1137617,2.1162,207310071.0,OYAKC
2020-12-29,2.0924773,2.130887,2.069725,2.0722,152599611.0,OYAKC
2020-12-30,2.1191437,2.1724772,2.0721714,2.1505,286691737.0,OYAKC
2020-12-31,2.1541288,2.1822631,2.125994,2.148,217941267.0,OYAKC
2021-01-04,2.2216516,2.2678902,2.1700306,2.2287,418927158.0,OYAKC
2021-01-05,2.2287462,2.2752297,2.1626914,2.1847,320096842.0,OYAKC
2021-01-06,2.2050152,2.236086,2.187156,2.1872,148987637.0,OYAKC
2021-01-07,2.2311928,2.2556577,2.1944957,2.2459,276075276.0,OYAKC
2021-01-11,2.2084408,2.2409785,2.140673,2.1651,201505355.0,OYAKC
2021-01-12,2.1854434,2.2116208,2.165138,2.1823,135669781.0,OYAKC
2021-01-13,2.1981652,2.2287462,2.167584,2.1725,159092183.0,OYAKC
2021-01-14,2.1445873,2.1847098,2.1088686,2.1089,122932695.0,OYAKC
2021-01-15,2.1147401,2.1529052,2.0795107,2.1113,155747548.0,OYAKC
2021-01-18,2.1118042,2.1333334,2.0892968,2.1162,163015179.0,OYAKC
2021-01-19,2.148991,2.167584,2.125994,2.1651,199398055.0,OYAKC
2021-01-21,2.1663609,2.192049,2.1333334,2.1407,266099432.0,OYAKC
2021-01-22,2.1399388,2.1626914,2.1211011,2.1382,133707989.0,OYAKC
2021-01-25,2.1800613,2.216514,2.145566,2.1823,422120311.0,OYAKC
2021-01-27,2.1015291,2.1724772,1.9938838,1.9988,190941462.0,OYAKC
2021-01-28,1.9904588,2.059939,1.9253824,2.0599,162940346.0,OYAKC
2021-01-29,2.0342507,2.0574925,2.0036697,2.0135,140706870.0,OYAKC
2021-02-01,2.0423243,2.069725,2.0036697,2.0502,128863183.0,OYAKC
2021-02-02,2.0707033,2.09419,2.0428135,2.0526,141621428.0,OYAKC
2021-02-03,2.0755966,2.09419,2.0623856,2.0795,160706838.0,OYAKC
2021-02-04,2.0937004,2.1137617,2.0721714,2.0966,130902149.0,OYAKC
2021-02-05,2.1215904,2.1480124,2.1039758,2.1211,166483555.0,OYAKC
2021-02-08,2.1257493,2.1431196,2.1015291,2.1162,158676997.0,OYAKC
2021-02-10,2.1047096,2.1235476,2.0892968,2.0893,89914121.0,OYAKC
2021-02-12,2.0325382,2.0525997,2.0085628,2.0232,103751330.0,OYAKC
2021-02-15,2.0479512,2.059939,2.0379207,2.0404,83936280.0,OYAKC
2021-02-16,2.0817125,2.1284406,2.0403671,2.0697,250130090.0,OYAKC
2021-02-17,2.0760858,2.1186545,2.0207953,2.0281,173385227.0,OYAKC
2021-02-18,2.035719,2.050153,2.0232418,2.0281,100483494.0,OYAKC
2021-02-19,2.0247097,2.0428135,2.0085628,2.0232,91168830.0,OYAKC
2021-02-22,2.0200613,2.0403671,1.9987769,1.9988,109089385.0,OYAKC
2021-02-23,1.9591439,2.0159023,1.9180429,1.9205,158527864.0,OYAKC
2021-02-24,1.9129052,1.9376148,1.8617738,1.8618,86288234.0,OYAKC
2021-02-25,1.8977371,1.9449543,1.8422021,1.8838,128769612.0,OYAKC
2021-02-26,1.8461163,1.8715597,1.8177371,1.8495,65029873.0,OYAKC
2021-03-02,1.9209788,1.9425077,1.9058106,1.9132,46341230.0,OYAKC
2021-03-03,1.9253824,1.9449543,1.9058106,1.9083,60716161.0,OYAKC
2021-03-05,1.966728,2.0403671,1.9009175,2.0208,115467294.0,OYAKC
2021-03-09,1.9735781,1.984098,1.9645262,1.9743,61594563.0,OYAKC
2021-03-10,1.9779817,1.9938838,1.9669725,1.9694,60920870.0,OYAKC
2021-03-11,1.9730887,1.9963304,1.9376148,1.945,87851551.0,OYAKC
2021-03-12,1.9373703,1.95474,1.9033641,1.9425,61767729.0,OYAKC
2021-03-15,1.9444649,1.9645262,1.9229358,1.9401,75505803.0,OYAKC
2021-03-16,1.970887,1.9963304,1.9449543,1.989,99613915.0,OYAKC
2021-03-17,1.9606116,1.9987769,1.927829,1.9327,86204657.0,OYAKC
2021-03-18,1.9346789,1.9498472,1.9082571,1.9156,64800911.0,OYAKC
2021-03-19,1.8786546,1.9131501,1.8422021,1.8569,62788521.0,OYAKC
2021-03-22,1.698104,1.7737004,1.6733947,1.6734,50286053.0,OYAKC
2021-03-23,1.650153,1.7198778,1.5241591,1.6856,69175783.0,OYAKC
2021-03-24,1.7521714,1.8055048,1.6978594,1.8031,64091077.0,OYAKC
2021-03-25,1.7798166,1.8177371,1.756575,1.7761,68672089.0,OYAKC
2021-03-26,1.7382264,1.7908258,1.7051989,1.7223,52546852.0,OYAKC
2021-03-29,1.851988,1.893578,1.8006117,1.8349,186426590.0,OYAKC
2021-03-30,1.7619573,1.8128442,1.7223243,1.7566,77689061.0,OYAKC
2021-03-31,1.7497249,1.7639145,1.7345567,1.7468,43381835.0,OYAKC
2021-04-01,1.7555965,1.7663609,1.7467891,1.7639,44282420.0,OYAKC
2021-04-02,1.7577983,1.776147,1.7467891,1.7541,33891948.0,OYAKC
2021-04-05,1.8055048,1.847095,1.7541286,1.7835,140352158.0,OYAKC
2021-04-07,1.7732112,1.8055048,1.7345567,1.7908,96727792.0,OYAKC
2021-04-08,1.7815292,1.8030581,1.7614679,1.7664,34086646.0,OYAKC
2021-04-09,1.7406728,1.7663609,1.7223243,1.7321,30340694.0,OYAKC
2021-04-12,1.7144955,1.7345567,1.6978594,1.6979,28920919.0,OYAKC
2021-04-13,1.7029971,1.7272172,1.6782876,1.7174,26438118.0,OYAKC
2021-04-14,1.7592661,1.7859329,1.7321103,1.7786,56042310.0,OYAKC
2021-04-15,1.7499695,1.7737004,1.7321103,1.7419,30210366.0,OYAKC
2021-04-16,1.7465444,1.7737004,1.7296637,1.7737,25052953.0,OYAKC
2021-04-19,1.7404282,1.7737004,1.7223243,1.7248,26700350.0,OYAKC
2021-04-20,1.7027525,1.7247708,1.680734,1.6954,24749657.0,OYAKC
2021-04-21,1.6773089,1.7003058,1.6415904,1.6709,22673024.0,OYAKC
2021-04-22,1.6733947,1.7125384,1.6293579,1.6881,22356802.0,OYAKC
2021-04-26,1.7071562,1.7174313,1.685627,1.7125,24019108.0,OYAKC
2021-04-28,1.6839144,1.7003058,1.6660552,1.6661,22610458.0,OYAKC
2021-04-29,1.6883181,1.7027525,1.6733947,1.6856,18309719.0,OYAKC
2021-04-30,1.6800002,1.6929665,1.6660552,1.6832,36489107.0,OYAKC
2021-05-03,1.7303976,1.7590215,1.6880735,1.7492,79172021.0,OYAKC
2021-05-04,1.7289298,1.7492356,1.7125384,1.7199,30097208.0,OYAKC
2021-05-05,1.7445873,1.7639145,1.7198778,1.7468,49097373.0,OYAKC
2021-05-06,1.7511928,1.7712538,1.7345567,1.7468,39890526.0,OYAKC
2021-05-07,1.752416,1.7639145,1.7370031,1.7541,37916551.0,OYAKC
2021-05-10,1.7763916,1.7957188,1.7590215,1.7713,50564547.0,OYAKC
2021-05-11,1.7507035,1.7639145,1.7296637,1.7639,31847856.0,OYAKC
2021-05-12,1.7724771,1.7834864,1.7614679,1.7786,18103976.0,OYAKC
2021-05-17,1.804526,1.8177371,1.7932723,1.8104,55897343.0,OYAKC
2021-05-18,1.8064833,1.8250766,1.7981652,1.8031,25671484.0,OYAKC
2021-05-20,1.7988993,1.8177371,1.7834864,1.8153,29256922.0,OYAKC
2021-05-21,1.8228747,1.8446484,1.8006117,1.8128,51519837.0,OYAKC
2021-05-24,1.8194497,1.8422021,1.8006117,1.808,46027108.0,OYAKC
2021-05-25,1.7749237,1.8201836,1.7100918,1.7101,42570741.0,OYAKC
2021-05-26,1.7325994,1.7541286,1.7003058,1.7517,27088522.0,OYAKC
2021-05-28,1.7431194,1.7639145,1.7198778,1.7639,22740153.0,OYAKC
2021-05-31,1.7869114,1.8079511,1.7639145,1.781,48222372.0,OYAKC
2021-06-01,1.77052,1.7859329,1.7590215,1.7688,23262136.0,OYAKC
2021-06-02,1.7553518,1.776147,1.7394497,1.7541,21125794.0,OYAKC
2021-06-03,1.7629359,1.7810398,1.7418962,1.7639,32848479.0,OYAKC
2021-06-04,1.7619573,1.7712538,1.7541286,1.7615,17459118.0,OYAKC
2021-06-07,1.7751683,1.7859329,1.7541286,1.7859,22593286.0,OYAKC
2021-06-08,1.7820184,1.7957188,1.7737004,1.7859,19332300.0,OYAKC
2021-06-09,1.7930276,1.8055048,1.7810398,1.7884,49284907.0,OYAKC
2021-06-10,1.7903365,1.8006117,1.7810398,1.7908,26822781.0,OYAKC
2021-06-11,1.7908258,1.8055048,1.776147,1.7859,27255664.0,OYAKC
2021-06-14,1.7874007,1.7981652,1.7785934,1.7933,15253101.0,OYAKC
2021-06-15,1.7744342,1.8006117,1.7492356,1.7664,34416856.0,OYAKC
2021-06-16,1.7570643,1.7737004,1.7467891,1.7492,15288605.0,OYAKC
2021-06-17,1.7485015,1.756575,1.7394497,1.7419,11883889.0,OYAKC
2021-06-18,1.7428747,1.7614679,1.7272172,1.737,17153783.0,OYAKC
2021-06-21,1.7237921,1.7443426,1.7027525,1.7346,17168359.0,OYAKC
2021-06-22,1.7374926,1.7492356,1.7247708,1.7394,11504791.0,OYAKC
2021-06-23,1.7328442,1.7492356,1.7149848,1.7248,22203927.0,OYAKC
2021-06-24,1.7414068,1.7663609,1.7247708,1.7346,22034737.0,OYAKC
2021-06-25,1.7333333,1.7418962,1.7247708,1.7272,21244947.0,OYAKC
2021-06-28,1.7076453,1.7321103,1.685627,1.6954,18157100.0,OYAKC
2021-06-29,1.6868503,1.7051989,1.6733947,1.693,20597418.0,OYAKC
2021-06-30,1.6729052,1.7076453,1.6244649,1.6563,43573474.0,OYAKC
2021-07-01,1.6599388,1.670948,1.6489297,1.6685,24419608.0,OYAKC
2021-07-02,1.6455047,1.6660552,1.6318045,1.6538,19541630.0,OYAKC
2021-07-05,1.6521102,1.6587158,1.6415904,1.6538,17654410.0,OYAKC
2021-07-06,1.6518655,1.6587158,1.6415904,1.6489,20075155.0,OYAKC
2021-07-07,1.650887,1.6562692,1.6440368,1.6514,12772236.0,OYAKC
2021-07-08,1.6396332,1.6538228,1.6293579,1.6367,13164624.0,OYAKC
2021-07-09,1.6276453,1.6415904,1.6195719,1.6269,21902551.0,OYAKC
2021-07-13,1.569419,1.5926607,1.5486239,1.5731,17398813.0,OYAKC
2021-07-14,1.5789604,1.5951072,1.5584099,1.5804,12292038.0,OYAKC
2021-07-16,1.5774925,1.5853212,1.5706422,1.5829,9179131.0,OYAKC
2021-07-19,1.5672172,1.5779816,1.5608563,1.5755,5967305.0,OYAKC
2021-07-26,1.570887,1.5902141,1.5608563,1.5609,19595941.0,OYAKC
2021-07-27,1.565994,1.5755353,1.5584099,1.5706,12090560.0,OYAKC
2021-07-28,1.5757799,1.5853212,1.5681958,1.5706,15653110.0,OYAKC
2021-07-29,1.5845872,1.6,1.5755353,1.5853,16629075.0,OYAKC
2021-07-30,1.5774925,1.5902141,1.5681958,1.5755,15161661.0,OYAKC
2021-08-02,1.6178594,1.6489297,1.5853212,1.6416,32657918.0,OYAKC
2021-08-03,1.6364527,1.6587158,1.6195719,1.6489,24773314.0,OYAKC
2021-08-04,1.7061775,1.7516819,1.6538228,1.7223,69726182.0,OYAKC
2021-08-05,1.7269726,1.7614679,1.7027525,1.7419,53643490.0,OYAKC
2021-08-06,1.7289298,1.7467891,1.7174313,1.7199,32365836.0,OYAKC
2021-08-09,1.7374926,1.756575,1.7125384,1.7223,56045673.0,OYAKC
2021-08-11,1.6763304,1.7051989,1.6587158,1.6661,22015899.0,OYAKC
2021-08-12,1.6800002,1.695413,1.6611621,1.6856,22689679.0,OYAKC
2021-08-13,1.6782876,1.695413,1.6685017,1.6783,10666671.0,OYAKC
2021-08-17,1.7096025,1.7223243,1.6929665,1.7223,22849906.0,OYAKC
2021-08-18,1.7076453,1.7370031,1.685627,1.6954,27270727.0,OYAKC
2021-08-19,1.6670338,1.6782876,1.6587158,1.6734,14798396.0,OYAKC
2021-08-20,1.65578,1.670948,1.6391438,1.6612,17478492.0,OYAKC
2021-08-23,1.6741285,1.6905199,1.6611621,1.6758,15050112.0,OYAKC
2021-08-24,1.6944344,1.7051989,1.680734,1.6856,24312309.0,OYAKC
2021-08-25,1.6704589,1.6905199,1.6587158,1.6636,15060218.0,OYAKC
2021-08-26,1.6562692,1.6685017,1.6415904,1.6416,13444657.0,OYAKC
2021-08-27,1.6374313,1.6464833,1.6293579,1.644,10693602.0,OYAKC
2021-08-31,1.6628747,1.6782876,1.6464833,1.6685,32170654.0,OYAKC
2021-09-01,1.6687462,1.680734,1.6636087,1.6709,14812125.0,OYAKC
2021-09-02,1.6777983,1.685627,1.6733947,1.6832,27067846.0,OYAKC
2021-09-03,1.6719267,1.6880735,1.6636087,1.6734,8926154.0,OYAKC
2021-09-06,1.6790215,1.6905199,1.6685017,1.6734,16599647.0,OYAKC
2021-09-07,1.6809787,1.695413,1.6636087,1.6783,21082962.0,OYAKC
2021-09-08,1.6587158,1.6831806,1.6440368,1.6514,11479342.0,OYAKC
2021-09-09,1.650887,1.6636087,1.6391438,1.6636,10459696.0,OYAKC
2021-09-10,1.6479512,1.6636087,1.6366974,1.6367,11538357.0,OYAKC
2021-09-13,1.6364527,1.6440368,1.6269114,1.6318,8778763.0,OYAKC
2021-09-15,1.6080735,1.6220185,1.5951072,1.6098,8992850.0,OYAKC
2021-09-16,1.5990214,1.6122326,1.5877676,1.5902,7455523.0,OYAKC
2021-09-17,1.5887462,1.6024467,1.5779816,1.578,8514170.0,OYAKC
2021-09-20,1.5566972,1.5730888,1.5461775,1.5609,13538351.0,OYAKC
2021-09-21,1.5787157,1.6171255,1.5559634,1.5657,20789746.0,OYAKC
2021-09-22,1.5757799,1.5926607,1.5633028,1.5804,14015663.0,OYAKC
2021-09-23,1.5977982,1.6073395,1.5779816,1.6073,14719665.0,OYAKC
2021-09-24,1.615413,1.6293579,1.5828747,1.6269,20415134.0,OYAKC
2021-09-27,1.6305811,1.6489297,1.609786,1.6367,16498644.0,OYAKC
2021-09-28,1.6423242,1.6587158,1.6195719,1.6514,22135259.0,OYAKC
2021-09-29,1.6525995,1.6636087,1.6415904,1.644,9831899.0,OYAKC
2021-09-30,1.6330277,1.6538228,1.609786,1.622,20064086.0,OYAKC
2021-10-01,1.6183487,1.6269114,1.6048931,1.6171,7702442.0,OYAKC
2021-10-04,1.6215291,1.6366974,1.6122326,1.6147,16502758.0,OYAKC
2021-10-05,1.6041591,1.6220185,1.5853212,1.6049,16401696.0,OYAKC
2021-10-06,1.5904588,1.6122326,1.5779816,1.578,10425808.0,OYAKC
2021-10-07,1.595841,1.6024467,1.5877676,1.5976,6935225.0,OYAKC
2021-10-08,1.5931499,1.6024467,1.5877676,1.5927,6082996.0,OYAKC
2021-10-11,1.6168809,1.6366974,1.5926607,1.6196,25976865.0,OYAKC
2021-10-12,1.6073395,1.6171255,1.5975536,1.6,11932145.0,OYAKC
2021-10-13,1.5995109,1.6122326,1.5902141,1.5927,10152917.0,OYAKC
2021-10-14,1.5904588,1.5975536,1.5828747,1.5902,7752079.0,OYAKC
2021-10-15,1.5877676,1.6,1.5779816,1.578,8620009.0,OYAKC
2021-10-18,1.58263,1.5902141,1.5779816,1.5829,7104319.0,OYAKC
2021-10-19,1.6046485,1.6244649,1.5877676,1.6147,12767177.0,OYAKC
2021-10-20,1.6070948,1.6171255,1.6,1.6,6192710.0,OYAKC
2021-10-21,1.611254,1.6293579,1.5975536,1.6147,16648467.0,OYAKC
2021-10-22,1.6386545,1.6562692,1.6122326,1.6465,21473344.0,OYAKC
2021-10-25,1.6467279,1.6611621,1.6366974,1.6391,13114482.0,OYAKC
2021-10-26,1.658471,1.6660552,1.6440368,1.6563,15664197.0,OYAKC
2021-10-27,1.684159,1.7003058,1.6562692,1.6954,25007177.0,OYAKC
2021-10-28,1.6844039,1.695413,1.680734,1.6832,4463699.0,OYAKC
2021-11-01,1.6797554,1.695413,1.670948,1.6734,16327022.0,OYAKC
2021-11-02,1.6853824,1.7027525,1.670948,1.6758,26309679.0,OYAKC
2021-11-03,1.6741285,1.695413,1.6318045,1.693,28383338.0,OYAKC
2021-11-04,1.6978594,1.7247708,1.6880735,1.6905,30682485.0,OYAKC
2021-11-05,1.6861163,1.7076453,1.670948,1.6758,30455103.0,OYAKC
2021-11-08,1.6797554,1.685627,1.6733947,1.6807,18268741.0,OYAKC
2021-11-10,1.6726607,1.6831806,1.6636087,1.6734,14572613.0,OYAKC
2021-11-11,1.6858716,1.7003058,1.6685017,1.6758,37569933.0,OYAKC
2021-11-12,1.6983488,1.7076453,1.6782876,1.6954,33760862.0,OYAKC
2021-11-15,1.7237921,1.7443426,1.6513762,1.7346,62435632.0,OYAKC
2021-11-16,1.726728,1.7443426,1.7051989,1.7101,32447756.0,OYAKC
2021-11-17,1.7105812,1.7223243,1.7003058,1.7101,24998290.0,OYAKC
2021-11-18,1.7176759,1.7321103,1.6929665,1.7248,36592853.0,OYAKC
2021-11-19,1.7553518,1.7810398,1.7321103,1.781,74080083.0,OYAKC
2021-11-22,1.8062387,1.8299695,1.7908258,1.8031,56239304.0,OYAKC
2021-11-23,1.7915598,1.8152907,1.7639145,1.7982,50162122.0,OYAKC
2021-11-24,1.8289909,1.8544344,1.8103976,1.8324,50924448.0,OYAKC
2021-11-25,1.823364,1.8446484,1.8030581,1.8153,36461213.0,OYAKC
2021-11-26,1.7697861,1.8103976,1.7418962,1.7492,38025338.0,OYAKC
2021-11-29,1.7600001,1.7663609,1.7492356,1.7639,19744334.0,OYAKC
2021-11-30,1.7653824,1.7810398,1.7492356,1.7541,31188087.0,OYAKC
2021-12-01,1.7915598,1.8201836,1.7688075,1.8153,46690159.0,OYAKC
2021-12-02,1.8762081,1.9767585,1.8103976,1.9327,115326861.0,OYAKC
2021-12-03,1.9987769,2.0428135,1.9498472,1.9817,128864723.0,OYAKC
2021-12-06,1.988257,2.0061162,1.9669725,1.9817,61489345.0,OYAKC
2021-12-07,2.0122328,2.0477066,1.9669725,2.033,168213665.0,OYAKC
2021-12-08,2.0790217,2.1113153,2.0525997,2.0722,141813740.0,OYAKC
2021-12-09,2.1039758,2.1504588,2.0721714,2.0795,153302885.0,OYAKC
2021-12-10,2.0366974,2.084404,1.984098,2.0306,72643890.0,OYAKC
2021-12-13,2.0623856,2.0868502,2.0379207,2.055,86093326.0,OYAKC
2021-12-14,2.0658107,2.0917435,2.04526,2.0575,62122981.0,OYAKC
2021-12-16,2.0137005,2.0477066,1.9792051,2.0428,72616813.0,OYAKC
2021-12-17,2.0670338,2.1602447,1.8422021,1.8544,187548954.0,OYAKC
2021-12-20,1.7998778,1.8788992,1.7076453,1.781,90634630.0,OYAKC
2021-12-21,1.752416,1.8691133,1.6489297,1.6636,60589735.0,OYAKC
2021-12-22,1.650153,1.695413,1.614679,1.6147,58560460.0,OYAKC
2021-12-23,1.6330277,1.6587158,1.609786,1.6416,39029344.0,OYAKC
2021-12-24,1.6633639,1.685627,1.6415904,1.6832,26576881.0,OYAKC
2021-12-27,1.7470337,1.8006117,1.6880735,1.7713,57909264.0,OYAKC
2021-12-28,1.8740062,1.9180429,1.7785934,1.874,128911948.0,OYAKC
2021-12-29,1.8811011,1.9302753,1.7908258,1.8911,81418167.0,OYAKC
2021-12-30,1.9097251,1.9645262,1.8666668,1.8667,66319538.0,OYAKC
2021-12-31,1.9001837,1.9498472,1.8495414,1.9327,55496205.0,OYAKC
2022-01-03,1.9681959,2.0061162,1.9082571,2.0061,58812969.0,OYAKC
2022-01-04,2.0347402,2.055046,2.0110095,2.0379,60058990.0,OYAKC
2022-01-05,2.043303,2.069725,2.0036697,2.055,56592267.0,OYAKC
2022-01-06,2.0391438,2.0770643,2.0134556,2.055,48326660.0,OYAKC
2022-01-07,2.0408564,2.0721714,2.0110095,2.0428,49648699.0,OYAKC
2022-01-10,2.045994,2.0648317,2.0256882,2.0379,42543257.0,OYAKC
2022-01-11,2.0229971,2.050153,2.0134556,2.0135,33917322.0,OYAKC
2022-01-12,2.0244648,2.0428135,2.0110095,2.0135,27986328.0,OYAKC
2022-01-13,2.0193272,2.0281346,2.0110095,2.0135,17588555.0,OYAKC
2022-01-14,2.0163915,2.0305812,2.0012236,2.0208,21898196.0,OYAKC
2022-01-17,2.036208,2.055046,1.9963304,2.0086,38382831.0,OYAKC
2022-01-18,1.9877677,2.0134556,1.9204895,1.9205,28819521.0,OYAKC
2022-01-19,1.9672172,2.018349,1.9229358,2.0183,54512579.0,OYAKC
2022-01-20,2.007095,2.0305812,1.9816517,2.0232,37322981.0,OYAKC
2022-01-21,2.0173702,2.0428135,1.9889909,1.9939,28892452.0,OYAKC
2022-01-24,2.0190828,2.0770643,1.9571867,1.9694,85174010.0,OYAKC
2022-01-25,2.005138,2.0256882,1.9596332,2.0232,36840318.0,OYAKC
2022-01-26,2.0198166,2.0525997,1.9914374,2.0037,25990234.0,OYAKC
2022-01-27,2.032783,2.055046,1.9767585,2.0526,43534238.0,OYAKC
2022-01-28,2.1059327,2.1529052,2.059939,2.082,103647877.0,OYAKC
2022-01-31,2.1653824,2.2262998,2.0917435,2.2141,321562305.0,OYAKC
2022-02-01,2.1932724,2.2850153,2.1113153,2.1235,157663128.0,OYAKC
2022-02-02,2.0934558,2.1504588,2.0623856,2.0673,59296276.0,OYAKC
2022-02-03,2.0880735,2.125994,2.0623856,2.082,54805344.0,OYAKC
2022-02-04,2.0841591,2.1015291,2.0672784,2.0722,32013218.0,OYAKC
2022-02-07,2.0481958,2.0917435,2.0134556,2.0648,44273346.0,OYAKC
2022-02-08,2.0513763,2.0770643,2.0256882,2.0355,23112109.0,OYAKC
2022-02-09,2.0371866,2.055046,2.0232418,2.0281,24593613.0,OYAKC
2022-02-10,2.0401225,2.0574925,2.0305812,2.0355,35448243.0,OYAKC
2022-02-11,2.0371866,2.050153,2.0159023,2.0379,27545247.0,OYAKC
2022-02-14,2.007829,2.035474,1.9522938,2.0306,55384829.0,OYAKC
2022-02-15,2.0347402,2.050153,2.0110095,2.0404,24091065.0,OYAKC
2022-02-16,2.043303,2.055046,2.0207953,2.0281,18251939.0,OYAKC
2022-02-18,1.9953518,2.0134556,1.974312,2.0061,12331541.0,OYAKC
2022-02-21,1.9894803,2.018349,1.9620798,1.989,24425602.0,OYAKC
2022-02-22,1.9432416,1.969419,1.9155964,1.945,18740637.0,OYAKC
2022-02-23,1.953517,1.9792051,1.9376148,1.9401,15736634.0,OYAKC
2022-02-24,1.7653824,1.8348625,1.7467891,1.7468,64611820.0,OYAKC
2022-02-25,1.7932723,1.8250766,1.7418962,1.8153,33402668.0,OYAKC
2022-02-28,1.8013456,1.8740062,1.7639145,1.7761,35502785.0,OYAKC
2022-03-01,1.7793273,1.8128442,1.7492356,1.7566,34326735.0,OYAKC
2022-03-02,1.7685628,1.7957188,1.7418962,1.7761,29738878.0,OYAKC
2022-03-03,1.8030581,1.827523,1.776147,1.8055,27631363.0,OYAKC
2022-03-04,1.7966974,1.8152907,1.7785934,1.7957,20956098.0,OYAKC
2022-03-07,1.8074619,1.8397555,1.7810398,1.7957,32955945.0,OYAKC
2022-03-08,1.8287463,1.893578,1.7908258,1.852,48284805.0,OYAKC
2022-03-09,1.9596332,2.0256882,1.8691133,1.9865,90503918.0,OYAKC
2022-03-10,1.9684404,2.0061162,1.9425077,1.9547,29170677.0,OYAKC
2022-03-11,1.9593885,1.9767585,1.9425077,1.967,18119674.0,OYAKC
2022-03-14,2.0129664,2.0403671,1.9718657,2.0379,39241156.0,OYAKC
2022-03-15,2.0831807,2.1186545,2.0207953,2.0942,67641151.0,OYAKC
2022-03-16,2.2069726,2.258104,2.096636,2.2239,178333257.0,OYAKC
2022-03-17,2.2155352,2.2605505,2.1822631,2.2165,82880703.0,OYAKC
2022-03-18,2.303364,2.3755352,2.2116208,2.2777,195376873.0,OYAKC
2022-03-22,2.457003,2.4978595,2.414679,2.4832,176438511.0,OYAKC
2022-03-23,2.509358,2.5737004,2.3975537,2.5346,208176659.0,OYAKC
2022-03-24,2.5455658,2.58104,2.505199,2.5443,161769243.0,OYAKC
2022-03-25,2.5039756,2.5932724,2.4464834,2.4758,100716960.0,OYAKC
2022-03-28,2.464832,2.5076454,2.4220185,2.4318,109557193.0,OYAKC
2022-03-29,2.386789,2.4831805,2.338838,2.3462,125385586.0,OYAKC
2022-03-30,2.339572,2.368196,2.3045874,2.3339,72071048.0,OYAKC
2022-03-31,2.3009176,2.3657494,2.2556577,2.2679,91108529.0,OYAKC
2022-04-01,2.2514987,2.2923548,2.221407,2.2263,53673161.0,OYAKC
2022-04-04,2.2752297,2.3094802,2.2262998,2.2801,74395591.0,OYAKC
2022-04-05,2.393884,2.4660552,2.2899084,2.422,223517833.0,OYAKC
2022-04-06,2.4440367,2.4905202,2.368196,2.4294,148438462.0,OYAKC
2022-04-07,2.562202,2.6544344,2.4391441,2.6398,279389183.0,OYAKC
2022-04-08,2.658838,2.7253826,2.5834866,2.63,244392154.0,OYAKC
2022-04-11,2.7280736,2.788991,2.6397555,2.6887,223839385.0,OYAKC
2022-04-12,2.7182875,2.7645261,2.6544344,2.7401,140265306.0,OYAKC
2022-04-13,2.75841,2.8207953,2.696025,2.718,194586600.0,OYAKC
2022-04-14,2.7469113,2.7840981,2.708257,2.7156,92422627.0,OYAKC
2022-04-15,2.7349238,2.759633,2.7033641,2.7352,88750425.0,OYAKC
2022-04-18,2.850887,2.93578,2.7620797,2.8673,210991802.0,OYAKC
2022-04-19,2.8371868,2.9064221,2.788991,2.8061,119157565.0,OYAKC
2022-04-20,2.7831194,2.8305812,2.7522938,2.7694,58250133.0,OYAKC
2022-04-21,2.779205,2.8330276,2.7278287,2.7474,113898154.0,OYAKC
2022-04-22,2.6568809,2.7498472,2.5590215,2.6006,122659732.0,OYAKC
2022-04-25,2.5763917,2.627523,2.5247707,2.5639,75530571.0,OYAKC
2022-04-26,2.6402447,2.71315,2.585933,2.6251,198323116.0,OYAKC
2022-04-27,2.615046,2.6715598,2.5688076,2.6128,117572431.0,OYAKC
2022-04-28,2.6184711,2.6593275,2.5761468,2.5884,57060498.0,OYAKC
2022-04-29,2.6321714,2.6740065,2.5932724,2.6275,81323005.0,OYAKC
2022-05-05,2.7239146,2.774312,2.6470947,2.7278,99132932.0,OYAKC
2022-05-06,2.772844,2.8428137,2.6886852,2.833,154270751.0,OYAKC
2022-05-09,2.8660553,2.9211009,2.8012235,2.9187,140468042.0,OYAKC
2022-05-10,2.9526608,3.0067282,2.8770645,2.8917,109957871.0,OYAKC
2022-05-11,2.9220798,2.9993887,2.7718656,2.7768,263032570.0,OYAKC
2022-05-12,2.6879513,2.8770645,2.5541284,2.8599,447564068.0,OYAKC
2022-05-13,2.9115598,2.9773703,2.8134558,2.9627,103838311.0,OYAKC
2022-05-16,2.9333336,3.0385323,2.8428137,2.8502,222373142.0,OYAKC
2022-05-17,2.7823856,2.837921,2.7253826,2.7401,118710475.0,OYAKC
2022-05-18,2.6573703,2.71315,2.6152906,2.6544,101773223.0,OYAKC
2022-05-23,2.5729666,2.6299696,2.5223243,2.5737,63581866.0,OYAKC
2022-05-24,2.6468503,2.7865446,2.5614681,2.7034,92838154.0,OYAKC
2022-05-25,2.7887464,2.8697248,2.6862385,2.8012,186338535.0,OYAKC
2022-05-26,2.8352294,2.889297,2.7474008,2.7841,93418917.0,OYAKC
2022-05-27,2.7870338,2.8452601,2.7155967,2.7156,114547421.0,OYAKC
2022-05-30,2.8325384,2.8623855,2.7645261,2.8379,104818640.0,OYAKC
2022-05-31,2.9277065,3.0067282,2.8061166,2.9798,227498279.0,OYAKC
2022-06-01,3.0006118,3.0556576,2.9382265,2.9847,131791490.0,OYAKC
2022-06-02,3.0255659,3.06789,2.9773703,3.0116,131936503.0,OYAKC
2022-06-03,3.068624,3.1217127,2.9944954,3.1217,156837807.0,OYAKC
2022-06-06,3.232783,3.3223243,3.0972478,3.3028,278233974.0,OYAKC
2022-06-07,3.352661,3.4128442,3.2709482,3.3639,257107667.0,OYAKC
2022-06-08,3.3096025,3.390826,3.119266,3.1535,169563809.0,OYAKC
2022-06-09,3.1757798,3.263609,3.1070337,3.2147,189988925.0,OYAKC
2022-06-10,3.2261777,3.314985,3.1510706,3.2,187569695.0,OYAKC
2022-06-13,3.1461775,3.2220185,3.0360858,3.041,92710066.0,OYAKC
2022-06-14,3.0830584,3.119266,3.0311928,3.0875,111805978.0,OYAKC
2022-06-15,3.0859942,3.1339452,3.0581043,3.0899,74406191.0,OYAKC
2022-06-16,3.0992053,3.148624,3.0214071,3.107,138446451.0,OYAKC
2022-06-17,3.1175537,3.173089,3.082569,3.0826,121593033.0,OYAKC
2022-06-20,3.04,3.119266,2.9577982,2.9651,114367485.0,OYAKC
2022-06-21,2.990826,3.0336392,2.960245,2.9749,80000436.0,OYAKC
2022-06-22,3.019205,3.0654435,2.9675844,2.9823,126857092.0,OYAKC
2022-06-23,2.967829,3.0238533,2.9088688,2.9138,106679441.0,OYAKC
2022-06-24,3.0527217,3.1608565,2.9235475,3.0801,268437579.0,OYAKC
2022-06-27,3.077921,3.138838,2.9871562,3.0654,168385231.0,OYAKC
2022-06-28,3.0434253,3.0996945,2.93578,2.9456,112092841.0,OYAKC
2022-06-30,2.919878,3.0948014,2.8061166,3.0826,179834116.0,OYAKC
2022-07-01,3.1422632,3.2244651,3.0360858,3.1168,278314287.0,OYAKC
2022-07-04,3.198777,3.2807343,3.1143732,3.2049,366062494.0,OYAKC
2022-07-05,3.1787157,3.2366974,3.053211,3.0679,182273784.0,OYAKC
2022-07-06,3.0725384,3.1314988,3.0189605,3.0581,233417262.0,OYAKC
2022-07-07,3.184098,3.2391438,3.0629973,3.2171,349035712.0,OYAKC
2022-07-08,3.194618,3.244037,3.163303,3.1706,84575158.0,OYAKC
2022-07-13,3.2408564,3.2831807,3.1608565,3.2734,234990090.0,OYAKC
2022-07-18,3.1845872,3.2244651,3.1584098,3.1682,117408131.0,OYAKC
2022-07-19,3.1963303,3.229358,3.1461775,3.2,297854275.0,OYAKC
2022-07-22,3.1366363,3.168196,3.0972478,3.1388,151674755.0,OYAKC
2022-07-25,3.1836088,3.2269115,3.1412845,3.1486,212716171.0,OYAKC
2022-07-26,3.1740675,3.2122326,3.1266055,3.1927,210135640.0,OYAKC
2022-07-27,3.1760247,3.2538228,3.1094804,3.1217,204835979.0,OYAKC
2022-07-28,3.06104,3.148624,2.9847097,2.9969,224085431.0,OYAKC
2022-07-29,3.0028136,3.1363916,2.9064221,3.0924,246722281.0,OYAKC
2022-08-01,3.1175537,3.1951072,3.0556576,3.0924,292177634.0,OYAKC
2022-08-02,3.097737,3.1412845,3.0385323,3.0532,241859003.0,OYAKC
2022-08-03,3.0581043,3.0899084,3.0311928,3.0336,112667338.0,OYAKC
2022-08-04,3.101407,3.1314988,3.0483181,3.1119,217874596.0,OYAKC
2022-08-05,3.1373703,3.1657493,3.1143732,3.1413,172566142.0,OYAKC
2022-08-08,3.217615,3.2782876,3.1461775,3.2171,509861667.0,OYAKC
2022-08-09,3.2567587,3.314985,3.2048934,3.2538,353303352.0,OYAKC
2022-08-10,3.2736392,3.3125384,3.234251,3.2514,242692682.0,OYAKC
2022-08-11,3.2939453,3.3467894,3.2562695,3.2587,346452280.0,OYAKC
2022-08-12,3.2574923,3.2954133,3.2220185,3.2367,210823579.0,OYAKC
2022-08-15,3.3886242,3.4984713,3.2587159,3.4813,514055784.0,OYAKC
2022-08-16,3.4287465,3.5694191,3.2415905,3.4789,378547508.0,OYAKC
2022-08-17,3.4921105,3.5718658,3.432416,3.4446,331865302.0,OYAKC
2022-08-18,3.4400003,3.518043,3.371254,3.4055,296116541.0,OYAKC
2022-08-19,3.4260552,3.51315,3.3565753,3.452,383046760.0,OYAKC
2022-08-22,3.6675231,3.7822633,3.4837923,3.6942,669640709.0,OYAKC
2022-08-23,3.6702142,3.7602448,3.6159022,3.6183,343242197.0,OYAKC
2022-08-24,3.5933948,3.6844041,3.5033638,3.5205,425874776.0,OYAKC
2022-08-25,3.5518043,3.6110096,3.5033638,3.611,336001781.0,OYAKC
2022-08-26,3.687829,3.7480123,3.6012235,3.7089,500924681.0,OYAKC
2022-08-29,3.7166977,3.7724774,3.6623857,3.6795,301513110.0,OYAKC
2022-08-31,3.6643426,3.7186546,3.608563,3.6086,213647607.0,OYAKC
2022-09-01,3.5757802,3.6501532,3.5155966,3.5156,239815011.0,OYAKC
2022-09-05,3.7025077,3.7480123,3.623242,3.704,509422731.0,OYAKC
2022-09-06,3.790092,3.9363918,3.5474007,3.8312,921107740.0,OYAKC
2022-09-07,3.8439145,3.9266055,3.7211013,3.8826,527776932.0,OYAKC
2022-09-08,3.9376147,4.0342507,3.8042817,3.8165,516830041.0,OYAKC
2022-09-09,3.8162692,3.8727832,3.77737,3.792,360612546.0,OYAKC
2022-09-12,3.9787161,4.0978594,3.848318,3.9657,743011057.0,OYAKC
2022-09-13,3.858838,4.056269,3.64526,3.6453,514879598.0,OYAKC
2022-09-14,3.5566976,3.64526,3.432416,3.5963,269973296.0,OYAKC
2022-09-15,3.6141896,3.703976,3.500918,3.5107,205348187.0,OYAKC
2022-09-16,3.5491133,3.6428137,3.4935782,3.6428,167567641.0,OYAKC
2022-09-20,3.4891746,3.5498474,3.4152906,3.5058,118857330.0,OYAKC
2022-09-21,3.4678903,3.5302756,3.4201837,3.4202,150922254.0,OYAKC
2022-09-22,3.4627526,3.51315,3.4201837,3.4618,165217199.0,OYAKC
2022-09-23,3.4962695,3.5229359,3.4642205,3.496,136872442.0,OYAKC
2022-09-26,3.536147,3.593884,3.4813457,3.4936,171423218.0,OYAKC
2022-09-27,3.5141287,3.552294,3.4715598,3.4838,133823049.0,OYAKC
2022-09-29,3.3250153,3.42263,3.2073395,3.2758,104522797.0,OYAKC
2022-09-30,3.2941897,3.3639145,3.244037,3.3346,102068970.0,OYAKC
2022-10-03,3.38789,3.4152906,3.3443427,3.408,171641054.0,OYAKC
2022-10-04,3.3837311,3.437309,3.3443427,3.3664,158054094.0,OYAKC
2022-10-05,3.432416,3.5082572,3.361468,3.4642,299512981.0,OYAKC
2022-10-06,3.5774925,3.664832,3.5107036,3.633,371110890.0,OYAKC
2022-10-07,3.6305814,3.6917434,3.5669727,3.6697,240380542.0,OYAKC
2022-10-10,3.6755967,3.7211013,3.64526,3.6453,210312645.0,OYAKC
2022-10-11,3.6667893,3.703976,3.6256883,3.655,203563579.0,OYAKC
2022-10-12,3.6156576,3.6819575,3.5449543,3.545,131769394.0,OYAKC
2022-10-13,3.5239146,3.5816517,3.4740062,3.4838,143686938.0,OYAKC
2022-10-14,3.564771,3.6012235,3.51315,3.5841,181021310.0,OYAKC
2022-10-17,3.6518657,3.7162082,3.5865445,3.6869,304089144.0,OYAKC
2022-10-18,3.7996333,3.9192665,3.674618,3.819,608957020.0,OYAKC
2022-10-19,3.7805507,3.855658,3.7211013,3.7284,228021275.0,OYAKC
2022-10-20,3.7986548,3.855658,3.7259939,3.7969,292113422.0,OYAKC
2022-10-21,3.7785935,3.8165143,3.750459,3.8116,188628471.0,OYAKC
2022-10-24,3.8661776,3.9314985,3.8165143,3.8703,290591745.0,OYAKC
2022-10-25,3.8407342,3.90948,3.7675843,3.7774,240614248.0,OYAKC
2022-10-26,3.936147,4.0489297,3.7700307,3.978,557272821.0,OYAKC
2022-10-27,3.9437313,4.0195723,3.8678901,3.9682,268720261.0,OYAKC
2022-10-28,4.09052,4.1590214,3.9633033,4.0587,327143697.0,OYAKC
2022-10-31,4.122569,4.2324157,4.0489297,4.1101,358991506.0,OYAKC
2022-11-01,4.167095,4.251988,4.066056,4.1957,361740966.0,OYAKC
2022-11-02,4.4699697,4.611621,4.2103972,4.6043,659302833.0,OYAKC
2022-11-03,4.522814,4.6605506,4.4207954,4.4428,288111693.0,OYAKC
2022-11-04,4.3562083,4.4868503,4.293578,4.3425,227418169.0,OYAKC
2022-11-07,4.3518047,4.430581,4.3058105,4.3401,284433559.0,OYAKC
2022-11-08,4.35474,4.430581,4.234863,4.2544,375743597.0,OYAKC
2022-11-10,4.2517433,4.322936,4.200612,4.2789,206047015.0,OYAKC
2022-11-11,4.299205,4.3620796,4.2226305,4.2838,255958372.0,OYAKC
2022-11-14,4.3385935,4.366973,4.261774,4.3376,234046317.0,OYAKC
2022-11-15,4.3021407,4.415902,4.185933,4.3058,300045994.0,OYAKC
2022-11-16,4.2855053,4.384098,4.2079515,4.2471,229272607.0,OYAKC
2022-11-17,4.117187,4.251988,4.0440373,4.0905,345767096.0,OYAKC
2022-11-18,4.1406727,4.190826,4.056269,4.1468,220434354.0,OYAKC
2022-11-21,4.2079515,4.2788997,4.1076455,4.2251,273391142.0,OYAKC
2022-11-22,4.3518047,4.435474,4.2495418,4.4159,385184849.0,OYAKC
2022-11-23,4.575168,4.7461777,4.4574924,4.7413,811181757.0,OYAKC
2022-11-24,4.8528447,4.971254,4.7094803,4.8856,799624153.0,OYAKC
2022-11-25,5.144465,5.3137617,4.844037,5.1621,669457623.0,OYAKC
2022-11-28,5.094068,5.3333335,4.985933,5.0104,484813866.0,OYAKC
2022-11-29,4.9888687,5.108257,4.858716,4.9615,428047947.0,OYAKC
2022-11-30,5.0671563,5.1963305,4.9467893,5.1621,506986636.0,OYAKC
2022-12-01,5.1016517,5.264832,5.0055046,5.0251,450706550.0,OYAKC
2022-12-02,5.0152907,5.1767583,4.844037,4.8587,475265163.0,OYAKC
2022-12-05,4.7518044,4.902753,4.672783,4.7021,400103031.0,OYAKC
2022-12-06,4.725627,4.7902145,4.6507645,4.7437,273724391.0,OYAKC
2022-12-07,4.654434,4.8048935,4.469725,4.5382,316058894.0,OYAKC
2022-12-08,4.528196,4.6238537,4.4207954,4.5872,242570604.0,OYAKC
2022-12-09,4.713884,4.782875,4.599388,4.778,273813781.0,OYAKC
2022-12-12,4.888808,4.9516826,4.8195724,4.8709,333363218.0,OYAKC
2022-12-13,4.91156,5.010398,4.84893,4.8783,452887994.0,OYAKC
2022-12-14,4.9913154,5.186545,4.824465,4.9125,1115854059.0,OYAKC
2022-12-15,4.9925385,5.1767583,4.844037,4.9321,622079526.0,OYAKC
2022-12-16,4.9959636,5.0837927,4.89052,5.0251,354479707.0,OYAKC
2022-12-20,5.2491746,5.348013,5.1522937,5.2697,500367337.0,OYAKC
2022-12-21,5.276575,5.4311934,5.1816516,5.2404,475008267.0,OYAKC
2022-12-22,5.3771257,5.4703364,5.2110095,5.3627,834796524.0,OYAKC
2022-12-23,5.4769416,5.6220183,5.2697253,5.5682,653806193.0,OYAKC
2022-12-26,5.7245264,5.8128443,5.6513767,5.6905,427772330.0,OYAKC
2022-12-27,5.484037,5.7051992,5.308869,5.3089,359961013.0,OYAKC
2022-12-28,5.1657495,5.3431196,5.0593276,5.118,377515333.0,OYAKC
2022-12-29,5.171866,5.2452607,5.0837927,5.1914,283122600.0,OYAKC
2022-12-30,5.236453,5.3626914,5.127829,5.1425,332470438.0,OYAKC
2023-01-02,5.306422,5.3871565,5.171866,5.3725,359097244.0,OYAKC
2023-01-03,5.2716827,5.450765,5.1522937,5.1865,381796000.0,OYAKC
2023-01-04,5.2022023,5.2941895,5.0788994,5.1817,291922686.0,OYAKC
2023-01-05,5.0216513,5.2452607,4.7070336,4.7462,271427725.0,OYAKC
2023-01-06,4.771866,5.000612,4.5113153,4.9664,349396996.0,OYAKC
2023-01-09,4.8313155,5.0446486,4.66789,4.6924,217124474.0,OYAKC
2023-01-10,4.5866666,4.6899085,4.440367,4.526,203454878.0,OYAKC
2023-01-11,4.4839144,4.594496,4.35474,4.4232,290160374.0,OYAKC
2023-01-12,4.5795717,4.8073397,4.384098,4.8073,371171287.0,OYAKC
2023-01-13,4.783854,4.875841,4.6972485,4.7804,143061317.0,OYAKC
2023-01-16,4.8792663,4.971254,4.7486243,4.9615,170466713.0,OYAKC
2023-01-17,5.214924,5.4556575,4.8880734,5.4018,543799052.0,OYAKC
2023-01-18,5.6437926,5.940062,5.3284407,5.9058,949946182.0,OYAKC
2023-01-19,5.8600616,6.037921,5.7051992,5.7737,532207572.0,OYAKC
2023-01-20,5.78471,5.92049,5.675842,5.7297,307282603.0,OYAKC
2023-01-23,5.8059945,5.944954,5.6220183,5.6856,372739357.0,OYAKC
2023-01-24,5.7531505,5.9107037,5.563303,5.8716,427173341.0,OYAKC
2023-01-25,5.7702756,5.949847,5.4850154,5.7835,376539921.0,OYAKC
2023-01-26,5.82997,6.081958,5.636698,5.7248,327682254.0,OYAKC
2023-01-27,5.6046486,5.719878,5.445872,5.6318,244901922.0,OYAKC
2023-01-30,5.62789,5.724771,5.465444,5.4703,244915078.0,OYAKC
2023-01-31,5.278288,5.465444,5.1522937,5.2404,241570552.0,OYAKC
2023-02-02,4.814924,5.0593276,4.464832,4.8318,294703397.0,OYAKC
2023-02-03,4.9389606,5.0495415,4.8318043,5.0398,277425240.0,OYAKC
2023-02-06,5.5329666,5.543731,5.367584,5.5437,291734897.0,OYAKC
2023-02-07,5.9158416,6.0966363,5.2844043,6.0966,2314635355.0,OYAKC
2023-02-16,7.3737006,7.3737006,7.3688083,7.3737,217371932.0,OYAKC
2023-02-17,8.019083,8.107646,7.5596333,8.1076,1173278593.0,OYAKC
2023-02-21,9.746301,9.805506,9.590215,9.8055,195939897.0,OYAKC
2023-02-22,9.521713,10.715597,8.826912,10.1578,3273114865.0,OYAKC
2023-02-23,9.837065,10.495414,9.296637,9.7761,2996290410.0,OYAKC
2023-02-24,10.619451,10.749847,9.795719,10.7498,3109407516.0,OYAKC
2023-02-27,11.627156,11.821407,11.0581045,11.8214,1089507189.0,OYAKC
2023-02-28,12.137981,12.917432,11.0581045,12.4037,5713552627.0,OYAKC
2023-03-01,12.960735,13.639144,11.767585,12.4526,5180508414.0,OYAKC
2023-03-03,11.759757,12.183486,11.009175,11.7921,4915564415.0,OYAKC
2023-03-06,11.817739,12.318043,11.498472,11.4985,2442263362.0,OYAKC
2023-03-07,11.099695,11.74312,10.788991,10.9896,2734375475.0,OYAKC
2023-03-08,11.031438,11.615903,10.422019,10.4269,3325188844.0,OYAKC
2023-03-09,10.994741,11.469114,10.201836,11.4691,5315807541.0,OYAKC
2023-03-10,11.504343,12.051376,10.896637,10.9358,4197759460.0,OYAKC
2023-03-13,10.852356,11.273396,10.573701,10.6324,2120254156.0,OYAKC
2023-03-14,10.819083,11.053211,10.3681965,10.3731,1843153326.0,OYAKC
2023-03-15,10.166361,10.539451,9.9082575,10.1235,1413965977.0,OYAKC
2023-03-16,10.159756,10.417127,9.92783,10.0012,1917955865.0,OYAKC
2023-03-17,10.238044,10.666667,9.962081,10.0697,3205800764.0,OYAKC
2023-03-20,9.897249,10.319266,9.477676,9.4777,1782680825.0,OYAKC
2023-03-22,9.296148,9.678288,9.076452,9.37,1843167068.0,OYAKC
2023-03-23,9.941774,10.304587,9.306423,9.7566,5281928213.0,OYAKC
2023-03-24,9.764894,9.996331,9.570642,9.5853,1324098848.0,OYAKC
2023-03-27,9.435352,9.737003,9.228135,9.2428,751665180.0,OYAKC
2023-03-28,9.008441,9.355352,8.6360855,8.641,905962627.0,OYAKC
2023-03-29,8.628747,8.831804,8.479511,8.7046,965424997.0,OYAKC
2023-03-30,8.687708,8.949236,8.298471,8.318,1301630399.0,OYAKC
2023-03-31,8.102019,8.293579,7.833639,8.0196,635334001.0,OYAKC
2023-04-03,7.8926,8.1614685,7.7357802,7.8777,612110968.0,OYAKC
2023-04-04,8.02838,8.254436,7.8581047,8.1174,836762959.0,OYAKC
2023-04-05,8.185933,8.303364,8.014679,8.0294,691017751.0,OYAKC
2023-04-06,8.040612,8.18104,7.8581047,7.9511,442071564.0,OYAKC
2023-04-07,8.081224,8.225077,7.897248,8.1957,613942156.0,OYAKC
2023-04-10,8.3681965,8.552905,8.171254,8.4159,1005123465.0,OYAKC
2023-04-11,8.77627,9.223242,8.396331,8.592,2537210029.0,OYAKC
2023-04-12,8.556575,8.67523,8.36208,8.367,844361558.0,OYAKC
2023-04-13,8.5463,8.694802,8.386544,8.4648,738303554.0,OYAKC
2023-04-14,8.470704,8.645872,8.195719,8.2153,771057903.0,OYAKC
2023-04-17,8.159512,8.288686,8.068501,8.0881,412914292.0,OYAKC
2023-04-18,8.177615,8.337616,8.000001,8.2398,877042668.0,OYAKC
2023-04-19,8.099083,8.366974,7.9412847,7.9511,649408790.0,OYAKC
2023-04-20,7.962325,8.073396,7.828747,8.0587,215262634.0,OYAKC
2023-04-24,8.182019,8.337616,7.9755354,8.0049,714979787.0,OYAKC
2023-04-25,8.037921,8.205505,7.838533,7.9266,722529479.0,OYAKC
2023-04-26,7.7680745,7.9706435,7.5840983,7.589,347834349.0,OYAKC
2023-04-27,7.8116207,8.151683,7.55474,7.7358,1238976994.0,OYAKC
2023-04-28,7.5811625,7.828747,7.33945,7.3884,415240140.0,OYAKC
2023-05-02,7.1615906,7.505811,6.9382267,7.0703,331393235.0,OYAKC
2023-05-03,6.8298473,7.222019,6.605505,6.948,455552762.0,OYAKC
2023-05-04,7.083548,7.20734,6.8061166,7.0997,356559019.0,OYAKC
2023-05-05,6.904221,7.1143737,6.7914376,6.9725,249918154.0,OYAKC
2023-05-08,7.0490522,7.217126,6.859939,7.2171,272794818.0,OYAKC
2023-05-09,7.1361475,7.363915,6.9333334,6.948,396672774.0,OYAKC
2023-05-10,6.9900923,7.1388383,6.8207955,7.1242,315821467.0,OYAKC
2023-05-11,7.4253216,7.740673,7.173089,7.6477,730649897.0,OYAKC
2023-05-12,7.4539456,7.7015295,7.3003063,7.4373,374736553.0,OYAKC
2023-05-15,7.642569,7.9755354,7.1192665,7.4667,516542058.0,OYAKC
2023-05-17,8.422019,8.685016,8.166362,8.5333,795937385.0,OYAKC
2023-05-18,8.259327,8.577371,8.0538225,8.1957,446713428.0,OYAKC
2023-05-22,8.277187,8.401224,8.097859,8.3817,493222399.0,OYAKC
2023-05-23,8.224832,8.386544,8.102753,8.1957,308864367.0,OYAKC
2023-05-24,8.2818365,8.557799,8.014679,8.5138,600967343.0,OYAKC
2023-05-25,8.548747,8.70948,8.396331,8.4159,532454016.0,OYAKC
2023-05-26,8.769664,9.149848,8.37676,9.0569,808928985.0,OYAKC
2023-05-29,9.747769,9.962081,9.291744,9.8349,1675942961.0,OYAKC
2023-05-30,10.150704,10.4758415,9.668503,10.148,1814106835.0,OYAKC
2023-05-31,10.172478,10.500305,9.78104,10.1138,1189162520.0,OYAKC
2023-06-01,10.262998,10.412233,10.133333,10.378,684772212.0,OYAKC
2023-06-02,10.590582,10.872171,10.358411,10.4758,1143060875.0,OYAKC
2023-06-05,10.561468,10.686239,10.4758415,10.5492,852737569.0,OYAKC
2023-06-07,10.524772,10.725383,10.2605505,10.4709,1419915002.0,OYAKC
2023-06-08,10.450643,10.681347,10.2605505,10.3144,697268017.0,OYAKC
2023-06-09,10.498593,10.607952,10.3681965,10.515,520213088.0,OYAKC
2023-06-13,10.089297,10.446485,9.918044,9.9865,520860773.0,OYAKC
2023-06-14,9.82997,10.030581,9.688074,9.7174,467099761.0,OYAKC
2023-06-15,9.833151,9.913151,9.727218,9.8838,330981936.0,OYAKC
2023-06-16,10.268869,10.588379,9.9082575,10.104,862966330.0,OYAKC
2023-06-20,9.240856,9.502141,9.056882,9.1694,339284115.0,OYAKC
2023-06-21,9.119021,9.345566,8.870948,8.9052,283072586.0,OYAKC
2023-06-22,9.154985,9.462997,8.866056,9.3847,608659683.0,OYAKC
2023-06-23,9.554007,9.663609,9.418961,9.5658,367267774.0,OYAKC
2023-06-26,9.768808,9.859328,9.658716,9.8202,331069711.0,OYAKC
2023-06-27,9.939817,10.221407,9.71254,10.1969,261427839.0,OYAKC
2023-07-03,10.680367,11.004282,10.500305,10.9505,832634377.0,OYAKC
2023-07-04,10.855781,11.102141,10.568809,10.7988,999170183.0,OYAKC
2023-07-05,10.7204895,10.930888,10.495414,10.7988,649400901.0,OYAKC
2023-07-06,11.293456,11.689298,10.798778,11.5621,1755682489.0,OYAKC
2023-07-07,11.705688,12.07095,11.381041,11.9339,1553708746.0,OYAKC
2023-07-10,12.153395,12.40367,11.977982,12.0661,922911558.0,OYAKC
2023-07-11,12.282814,12.733945,11.620796,12.6239,1140887837.0,OYAKC
2023-07-12,13.225444,13.883793,12.477064,13.3945,2633234636.0,OYAKC
2023-07-13,13.801346,14.189603,13.284405,13.8349,1140254392.0,OYAKC
2023-07-14,13.717921,14.189603,13.333334,13.5658,877003600.0,OYAKC
2023-07-17,13.480123,13.822631,13.16208,13.2844,1273088615.0,OYAKC
2023-07-18,12.832784,13.418961,12.244649,12.2813,903738087.0,OYAKC
2023-07-19,12.2353525,12.513762,11.880124,12.4281,876737476.0,OYAKC
2023-07-20,12.961958,13.296637,12.562692,13.1621,1242772059.0,OYAKC
2023-07-21,13.135658,13.308869,12.905199,13.1376,715197215.0,OYAKC
2023-07-24,13.525139,13.92049,12.905199,13.2599,1021651476.0,OYAKC
2023-07-25,12.956575,13.504588,12.550459,12.9052,629445805.0,OYAKC
2023-07-26,13.206117,13.56575,12.648319,13.4434,830877374.0,OYAKC
2023-07-27,13.458838,13.7247715,13.247708,13.4312,617107281.0,OYAKC
2023-07-28,13.749236,14.067279,13.333334,13.6881,1615848215.0,OYAKC
2023-07-31,13.810887,14.103976,13.529053,13.7003,820767890.0,OYAKC
2023-08-01,13.915842,14.165139,13.418961,13.7737,1012371451.0,OYAKC
2023-08-02,14.385811,14.801224,13.61468,14.3364,1877172611.0,OYAKC
2023-08-03,15.060306,15.767584,14.336391,15.4006,2107694123.0,OYAKC
2023-08-04,15.79792,16.183489,15.400614,15.5596,1657888270.0,OYAKC
2023-08-07,15.737002,16.122326,15.217127,16.0245,968669110.0,OYAKC
2023-08-08,15.627156,16.073395,15.229359,15.2294,740048936.0,OYAKC
2023-08-09,15.071805,15.474007,14.6789,14.7645,950586780.0,OYAKC
2023-08-10,14.902754,15.437309,14.238533,14.5566,1325840674.0,OYAKC
2023-08-11,15.210765,15.816516,14.42202,15.6086,1264629497.0,OYAKC
2023-08-14,15.863242,16.342508,15.437309,15.4862,1301642454.0,OYAKC
2023-08-15,15.699082,15.963304,15.290522,15.9388,989306381.0,OYAKC
2023-08-16,15.996332,16.525995,15.596332,15.9144,1731575705.0,OYAKC
2023-08-17,15.932966,16.159023,15.681957,15.9266,1108299365.0,OYAKC
2023-08-18,15.566974,16.012232,15.021408,15.2416,1027915111.0,OYAKC
2023-08-21,15.215169,15.669726,14.825688,15.5719,1072115840.0,OYAKC
2023-08-22,15.721592,16.0367,15.437309,15.6208,1197832180.0,OYAKC
2023-08-23,15.428503,15.779817,15.045873,15.1437,751121521.0,OYAKC
2023-08-24,14.801224,15.278288,14.238533,14.3853,698525488.0,OYAKC
2023-08-25,14.31364,14.960246,13.896025,14.8012,604961740.0,OYAKC
2023-08-28,15.111683,15.425077,14.874619,15.2661,787552072.0,OYAKC
2023-08-29,14.938961,15.278288,14.629971,14.6667,457405941.0,OYAKC
2023-08-31,15.33211,15.633029,14.72783,15.5107,1307796739.0,OYAKC
2023-09-01,15.348014,15.584099,15.192661,15.315,558762896.0,OYAKC
2023-09-04,15.846607,16.085627,15.633029,15.9144,836795441.0,OYAKC
2023-09-05,16.493214,17.015293,15.730888,17.0031,1815838867.0,OYAKC
2023-09-06,17.427769,18.177372,16.941896,17.1009,2017263361.0,OYAKC
2023-09-07,18.008808,18.801224,16.941896,18.8012,1963457088.0,OYAKC
2023-09-08,18.496883,19.314985,18.055048,18.2141,1364897030.0,OYAKC
2023-09-11,18.160736,18.764526,17.50459,17.6636,975630434.0,OYAKC
2023-09-12,17.837801,18.409786,17.480122,17.5658,1540549408.0,OYAKC
2023-09-13,17.926607,18.299696,17.480122,17.9083,1673297065.0,OYAKC
2023-09-14,17.755844,18.214067,17.235474,17.8349,1333068021.0,OYAKC
2023-09-18,16.652723,17.039757,16.220186,16.2202,778980230.0,OYAKC
2023-09-19,16.438412,16.685015,16.134558,16.3547,774977805.0,OYAKC
2023-09-20,17.086485,17.614681,16.440369,16.8807,1236680552.0,OYAKC
2023-09-21,17.232048,17.82263,16.50153,17.7859,1204228420.0,OYAKC
2023-09-22,18.51303,18.935781,18.177372,18.5443,2576947860.0,OYAKC
2023-09-25,20.058716,20.391438,18.788994,20.3914,3236999330.0,OYAKC
2023-09-26,20.925995,21.749237,19.877676,19.8777,2841789863.0,OYAKC
2023-09-27,19.965996,20.440369,19.461777,19.8165,1756672139.0,OYAKC
2023-09-28,19.527342,20.14679,19.03364,19.1437,1032709346.0,OYAKC
2023-09-29,19.350948,19.792051,18.98471,19.5719,1507214289.0,OYAKC
2023-10-02,19.723059,20.171253,19.27829,19.5474,1135830591.0,OYAKC
2023-10-03,19.505566,19.853212,19.217127,19.3761,1096342026.0,OYAKC
2023-10-05,19.01896,19.522938,18.409786,19.2049,956725046.0,OYAKC
2023-10-06,18.935537,19.204895,18.715597,18.8379,722156541.0,OYAKC
2023-10-09,18.280367,18.617737,17.810398,17.9817,717802988.0,OYAKC
2023-10-10,18.610397,18.899084,18.27523,18.8379,847826785.0,OYAKC
2023-10-11,18.347158,18.862387,18.006117,18.1774,651226018.0,OYAKC
2023-10-12,18.412968,18.948013,17.700306,18.3609,1153274497.0,OYAKC
2023-10-13,17.914862,18.385323,17.455658,17.5168,752203681.0,OYAKC
2023-10-16,17.506788,17.981653,17.125383,17.3823,724951725.0,OYAKC
2023-10-17,17.593151,17.908258,17.186544,17.896,699813116.0,OYAKC
2023-10-18,17.651379,17.957188,17.333334,17.4924,715041395.0,OYAKC
2023-10-19,17.352417,17.859327,16.929663,17.1621,597998974.0,OYAKC
2023-10-20,16.634373,16.9052,16.35474,16.5505,598305766.0,OYAKC
2023-10-23,16.697004,17.088686,16.35474,16.8807,1057807443.0,OYAKC
2023-10-24,17.51462,18.03058,16.782875,17.6636,1470773339.0,OYAKC
2023-10-25,16.992296,18.01835,15.975536,16.0856,1123677022.0,OYAKC
2023-10-26,16.51474,17.688076,15.620796,16.893,1343054679.0,OYAKC
2023-10-27,16.939693,17.492355,16.4526,16.9908,893394039.0,OYAKC
2023-10-30,17.973335,18.47095,16.819572,18.0917,1398557689.0,OYAKC
2023-10-31,17.713274,18.226301,17.333334,17.4557,863374968.0,OYAKC
2023-11-01,17.164528,17.847094,16.477066,17.5168,795107292.0,OYAKC
2023-11-02,17.410889,17.71254,17.186544,17.419,508163992.0,OYAKC
2023-11-03,17.6137,17.96942,17.296637,17.737,755388023.0,OYAKC
2023-11-06,18.019083,18.214067,17.785933,17.9205,559232091.0,OYAKC
2023-11-07,17.689787,17.92049,17.50459,17.7125,314018844.0,OYAKC
2023-11-08,17.84832,18.116209,17.3578,17.8838,733501468.0,OYAKC
2023-11-09,17.436821,17.663609,17.272171,17.2966,623350902.0,OYAKC
2023-11-13,16.760124,17.125383,16.587158,16.5994,420081914.0,OYAKC
2023-11-14,16.713396,16.978594,16.415903,16.7706,486070958.0,OYAKC
2023-11-15,16.49199,16.85627,16.281347,16.3914,393788689.0,OYAKC
2023-11-16,16.387035,16.55046,16.220186,16.2569,340226404.0,OYAKC
2023-11-17,16.861408,17.382265,16.232416,16.6361,970053092.0,OYAKC
2023-11-20,16.690153,16.892967,16.477066,16.5627,471174344.0,OYAKC
2023-11-21,16.70361,17.027525,16.538227,16.6116,515262726.0,OYAKC
2023-11-22,17.068136,17.382265,16.611622,16.9297,870166673.0,OYAKC
2023-11-23,16.766483,17.027525,16.587158,16.7095,562514021.0,OYAKC
2023-11-24,16.996698,17.41896,16.489298,17.37,770180511.0,OYAKC
2023-11-27,17.346302,17.859327,16.880735,17.1254,808617420.0,OYAKC
2023-11-28,17.37517,17.883793,16.990828,17.4434,1789136976.0,OYAKC
2023-11-29,17.07792,17.700306,16.819572,17.0275,587353544.0,OYAKC
2023-11-30,16.291378,17.174313,15.951071,15.9511,1070061721.0,OYAKC
2023-12-01,15.792785,16.318043,15.400614,15.5963,675959769.0,OYAKC
2023-12-04,15.328442,15.718655,15.107035,15.1315,576471873.0,OYAKC
2023-12-05,15.005016,15.253823,14.788992,14.8257,332582235.0,OYAKC
2023-12-06,14.52208,14.923549,14.311928,14.4587,390003450.0,OYAKC
2023-12-07,14.429603,14.77676,14.103976,14.7523,433830955.0,OYAKC
2023-12-08,14.599634,14.874619,14.409787,14.4832,252329889.0,OYAKC
2023-12-11,14.269603,15.094802,13.834864,13.8349,480371606.0,OYAKC
2023-12-12,13.775903,13.993885,13.61468,13.6514,367249406.0,OYAKC
2023-12-14,13.4231205,13.822631,13.003059,13.8226,346319430.0,OYAKC
2023-12-15,13.77835,13.981653,13.5412855,13.9205,461573327.0,OYAKC
2023-12-18,13.7499695,14.01835,13.504588,13.5046,348543301.0,OYAKC
2023-12-19,13.54153,13.896025,13.174313,13.7492,605548595.0,OYAKC
2023-12-20,13.692722,13.9694195,13.418961,13.6391,380793243.0,OYAKC
2023-12-21,13.858105,14.214067,13.394497,14.1162,719521484.0,OYAKC
2023-12-22,13.959878,14.311928,13.688075,13.7737,472740321.0,OYAKC
2023-12-26,13.343121,13.871561,12.941897,13.1988,705744796.0,OYAKC
2023-12-27,13.124893,13.394497,12.85627,13.1865,469528520.0,OYAKC
2023-12-28,13.553518,13.761469,12.587156,13.6024,389200173.0,OYAKC
2023-12-29,13.705199,13.896025,13.5412855,13.5658,458229115.0,OYAKC
2024-01-02,13.909236,14.116209,13.651377,14.104,398999709.0,OYAKC
2024-01-03,13.807218,14.055047,13.553518,13.6269,452211330.0,OYAKC
2024-01-04,13.589236,13.785933,13.418961,13.7737,603257366.0,OYAKC
2024-01-08,14.307034,14.691132,14.006117,14.104,664770852.0,OYAKC
2024-01-09,14.130398,14.360857,13.932722,14.1284,633001194.0,OYAKC
2024-01-10,14.375291,14.6789,13.944955,14.5443,534060050.0,OYAKC
2024-01-11,14.326607,14.605506,14.152905,14.263,334800957.0,OYAKC
2024-01-12,14.256392,14.519878,13.932722,14.2508,896376772.0,OYAKC
2024-01-15,14.259572,14.373089,14.103976,14.2997,445199898.0,OYAKC
2024-01-16,14.487584,14.654435,14.189603,14.5321,575232888.0,OYAKC
2024-01-17,14.392172,14.58104,14.287463,14.3609,434649309.0,OYAKC
2024-01-18,14.591561,14.886851,14.373089,14.422,848138624.0,OYAKC
2024-01-19,14.577371,14.825688,14.32416,14.6055,584702155.0,OYAKC
2024-01-22,14.8535795,14.972478,14.691132,14.7156,495207502.0,OYAKC
2024-01-23,14.658838,14.972478,14.360857,14.4465,767981325.0,OYAKC
2024-01-24,14.48367,14.642202,14.336391,14.5933,532008961.0,OYAKC
2024-01-25,14.810765,14.972478,14.642202,14.789,668491056.0,OYAKC
2024-01-26,14.8892975,15.0581045,14.72783,14.9602,549897385.0,OYAKC
2024-01-29,15.080612,15.253823,14.923549,14.9602,499669924.0,OYAKC
2024-01-30,15.4515,16.122326,14.752295,16.0,1370014974.0,OYAKC
2024-02-01,15.751683,15.889909,15.510706,15.7309,1178065608.0,OYAKC
2024-02-02,15.49847,15.792049,15.33945,15.4618,587899202.0,OYAKC
2024-02-05,15.440734,15.547401,15.314985,15.4862,464031372.0,OYAKC
2024-02-06,15.53052,15.694191,15.33945,15.6208,842983937.0,OYAKC
2024-02-07,15.782021,16.024466,15.510706,15.7676,1381030616.0,OYAKC
2024-02-08,15.9314995,16.195719,15.767584,15.8287,1071107851.0,OYAKC
2024-02-09,15.919511,16.097862,15.767584,15.9388,741022491.0,OYAKC
2024-02-12,16.2537,16.464834,16.061163,16.2936,1237369764.0,OYAKC
2024-02-13,16.560736,16.929663,16.171255,16.208,1488205718.0,OYAKC
2024-02-14,15.870094,16.24465,15.547401,15.9388,1108992019.0,OYAKC
2024-02-15,16.26569,16.623854,15.938839,16.6116,1185396963.0,OYAKC
2024-02-16,16.447952,16.685015,16.30581,16.3425,805060162.0,OYAKC
2024-02-19,16.42569,16.660551,15.926606,16.0734,749931703.0,OYAKC
2024-02-20,16.643915,17.247707,15.816516,16.9052,2045633227.0,OYAKC
2024-02-21,17.176025,17.553516,16.709482,17.5046,2049910766.0,OYAKC
2024-02-22,17.602448,17.908258,17.3578,17.4679,1610574434.0,OYAKC
2024-02-23,17.80673,18.079512,17.370031,17.9939,1814712793.0,OYAKC
2024-02-27,16.684038,17.235474,16.330276,16.3303,994914877.0,OYAKC
2024-02-28,16.541409,16.782875,16.146791,16.4404,852394622.0,OYAKC
2024-02-29,16.976149,17.3578,16.464834,17.3578,1605037048.0,OYAKC
2024-03-01,17.371256,17.871563,16.880735,17.2966,1194997238.0,OYAKC
2024-03-04,16.896149,17.21101,16.636086,16.6361,591254937.0,OYAKC
2024-03-05,16.663488,16.95413,16.513763,16.5138,690451446.0,OYAKC
2024-03-06,16.464588,16.831806,16.256882,16.2691,738868540.0,OYAKC
2024-03-07,16.7863,17.051989,16.415903,17.0153,600697110.0,OYAKC
2024-03-08,16.667156,17.015293,16.428137,16.6361,737698667.0,OYAKC
2024-03-11,16.78312,17.00306,16.366974,16.367,697165400.0,OYAKC
2024-03-12,16.043549,16.4526,15.571867,15.6942,438271924.0,OYAKC
2024-03-13,15.787645,16.04893,15.547401,15.6086,363817213.0,OYAKC
2024-03-14,15.495292,15.779817,15.253823,15.315,300882695.0,OYAKC
2024-03-15,15.232295,15.376147,15.08257,15.3639,287516558.0,OYAKC
2024-03-19,15.017493,15.180429,14.813457,14.9847,294079670.0,OYAKC
2024-03-20,14.897616,15.107035,14.703365,14.7034,421720346.0,OYAKC
2024-03-21,14.792662,15.094802,14.556576,14.5566,486483005.0,OYAKC
2024-03-22,14.844282,15.131498,14.556576,14.8624,905418534.0,OYAKC
2024-03-25,15.246973,15.486239,14.960246,15.0092,761015670.0,OYAKC
2024-03-26,14.596453,14.972478,14.360857,14.422,369292280.0,OYAKC
2024-03-27,14.391928,14.654435,14.091743,14.3731,463978487.0,OYAKC
2024-03-28,14.614068,14.850155,14.348625,14.789,454923591.0,OYAKC
2024-03-29,14.740551,14.899084,14.629971,14.8012,407489586.0,OYAKC
2024-04-01,14.068502,14.434252,13.773701,13.9694,438927468.0,OYAKC
2024-04-02,13.820429,14.2263,13.418961,13.419,272867927.0,OYAKC
2024-04-03,13.466423,13.626912,13.284405,13.3333,239855697.0,OYAKC
2024-04-04,13.641836,13.957187,13.272172,13.8226,541410936.0,OYAKC
2024-04-05,13.886973,14.140674,13.394497,14.0673,1247252467.0,OYAKC
2024-04-08,14.335169,14.483181,14.116209,14.3853,490921096.0,OYAKC
2024-04-09,14.501285,14.642202,14.311928,14.4954,247702733.0,OYAKC
2024-04-15,14.295536,14.483181,14.140674,14.1896,490576274.0,OYAKC
2024-04-16,13.862508,14.165139,13.688075,13.7982,389082583.0,OYAKC
2024-04-17,13.83413,14.01835,13.455658,13.6881,340839637.0,OYAKC
2024-04-18,13.772478,13.92049,13.663609,13.8226,277005427.0,OYAKC
2024-04-19,13.841469,14.079511,13.61468,13.9817,396746838.0,OYAKC
2024-04-24,14.259084,14.434252,14.128442,14.2141,318433191.0,OYAKC
2024-04-25,14.359389,14.483181,14.214067,14.3486,356066550.0,OYAKC
2024-04-26,14.7315,15.009175,14.348625,14.9235,602839677.0,OYAKC
2024-04-29,14.916944,15.070337,14.752295,15.0336,459337208.0,OYAKC
2024-04-30,14.841102,15.033641,14.691132,14.8257,378727994.0,OYAKC
2024-05-02,15.092845,15.253823,14.886851,15.156,589645460.0,OYAKC
2024-05-03,15.153517,15.400614,14.996943,15.0581,455314423.0,OYAKC
2024-05-06,15.150092,15.314985,14.996943,15.2294,488991923.0,OYAKC
2024-05-07,15.12049,15.363916,14.935781,15.0826,526500392.0,OYAKC
2024-05-08,14.900063,15.192661,14.703365,14.7034,490863018.0,OYAKC
2024-05-09,14.555841,14.77676,14.397553,14.6789,422418444.0,OYAKC
2024-05-10,14.784588,14.911316,14.507646,14.8746,431466050.0,OYAKC
2024-05-13,14.583732,14.98471,14.32416,14.3242,282366829.0,OYAKC
2024-05-14,14.246361,14.458716,14.01835,14.3242,292590200.0,OYAKC
2024-05-15,14.280368,14.568809,14.067279,14.5566,426408986.0,OYAKC
2024-05-16,15.071561,15.314985,14.556576,15.3028,788051377.0,OYAKC
2024-05-17,15.479633,15.694191,15.143733,15.6453,1010145844.0,OYAKC
2024-05-21,16.003916,16.366974,15.755352,15.8043,928451778.0,OYAKC
2024-05-22,15.898961,16.04893,15.706422,15.9021,457654307.0,OYAKC
2024-05-23,16.009542,16.122326,15.804281,16.0245,448409428.0,OYAKC
2024-05-24,15.676332,15.926606,15.510706,15.5474,299055085.0,OYAKC
2024-05-27,15.766606,15.938839,15.53517,15.7676,396369202.0,OYAKC
2024-05-29,15.405994,15.743119,15.168197,15.1682,350938787.0,OYAKC
2024-05-30,15.229359,15.412845,15.070337,15.3272,298398543.0,OYAKC
2024-05-31,15.176515,15.633029,14.801224,14.8379,380243221.0,OYAKC
2024-06-03,14.8640995,15.0581045,14.629971,14.7034,459538723.0,OYAKC
2024-06-04,14.675719,14.788992,14.556576,14.5566,426773731.0,OYAKC
2024-06-05,14.43841,14.629971,14.287463,14.4343,375278740.0,OYAKC
2024-06-06,14.730765,14.98471,14.483181,14.7523,410415755.0,OYAKC
2024-06-07,14.516699,14.874619,14.360857,14.4832,213071237.0,OYAKC
2024-06-10,14.453579,14.568809,14.336391,14.3853,184217960.0,OYAKC
2024-06-11,14.257616,14.446484,14.067279,14.1774,220669253.0,OYAKC
2024-06-12,14.159511,14.360857,14.030581,14.1896,178076755.0,OYAKC
2024-06-14,14.753762,14.98471,14.58104,14.9847,371337443.0,OYAKC
2024-06-20,15.07572,15.2415905,14.98471,15.1927,232379333.0,OYAKC
2024-06-21,15.205627,15.412845,14.972478,15.4128,321061627.0,OYAKC
2024-06-24,15.324527,15.53517,15.143733,15.3884,281223453.0,OYAKC
2024-06-25,15.237187,15.425077,15.107035,15.156,246474504.0,OYAKC
2024-06-26,14.917921,15.094802,14.77676,14.9358,257114458.0,OYAKC
2024-06-27,15.366362,15.755352,14.850155,15.6208,512577204.0,OYAKC
2024-06-28,15.582142,15.902142,15.290522,15.3028,441195496.0,OYAKC
2024-07-01,15.406728,15.877678,14.813457,15.0459,729095630.0,OYAKC
2024-07-03,15.907525,16.232416,15.559634,16.2324,609158585.0,OYAKC
2024-07-04,16.572233,16.85627,16.061163,16.6728,767962920.0,OYAKC
2024-07-05,16.834251,17.088686,16.4526,17.0031,684311068.0,OYAKC
2024-07-08,17.411377,17.663609,17.137617,17.4312,593344753.0,OYAKC
2024-07-09,17.488197,17.810398,17.149847,17.578,487843964.0,OYAKC
2024-07-10,17.576761,17.908258,17.235474,17.8838,474248716.0,OYAKC
2024-07-11,18.122816,18.483183,17.651379,18.2508,710015237.0,OYAKC
2024-07-12,18.364038,18.62997,18.067278,18.3731,682071422.0,OYAKC
2024-07-16,18.36379,18.6789,18.103975,18.3242,415729239.0,OYAKC
2024-07-17,18.398289,18.654434,18.12844,18.4832,435087098.0,OYAKC
2024-07-18,18.486362,18.666668,18.360857,18.5566,265224077.0,OYAKC
2024-07-19,18.9074,19.376148,18.299696,18.8379,634139797.0,OYAKC
2024-07-22,18.955353,19.327217,18.605507,19.0581,502615145.0,OYAKC
2024-07-23,18.830826,19.094803,18.556576,18.6055,274087398.0,OYAKC
2024-07-25,18.56832,18.77676,18.360857,18.5199,360990438.0,OYAKC
2024-07-26,18.806852,19.327217,18.348625,19.3272,410976741.0,OYAKC
2024-07-29,19.46422,19.938839,19.094803,19.1682,958353799.0,OYAKC
2024-07-30,19.495539,19.865444,19.070337,19.3395,506176091.0,OYAKC
2024-07-31,19.426546,19.694191,19.1315,19.3884,447192597.0,OYAKC
2024-08-01,18.658594,19.840979,18.287462,18.2875,1183037777.0,OYAKC
2024-08-02,18.12722,18.666668,17.688076,18.3609,906221936.0,OYAKC
2024-08-05,17.372234,17.932724,16.831806,17.1131,480539667.0,OYAKC
2024-08-06,17.84832,18.617737,17.25994,17.8593,679999975.0,OYAKC
2024-08-07,18.054556,18.42202,17.688076,17.9694,492280116.0,OYAKC
2024-08-08,18.14777,18.373089,17.749237,18.2385,391291191.0,OYAKC
2024-08-09,17.876942,18.446484,17.370031,17.7859,375720834.0,OYAKC
2024-08-12,17.511194,17.92049,17.051989,17.0765,311377499.0,OYAKC
2024-08-14,17.40208,17.761469,17.16208,17.3945,270714888.0,OYAKC
2024-08-16,17.231071,17.688076,16.892967,16.9297,420622204.0,OYAKC
2024-08-19,16.868502,17.149847,16.623854,17.0642,269966872.0,OYAKC
2024-08-20,17.025568,17.223242,16.844038,16.9664,174989921.0,OYAKC
2024-08-21,16.709482,16.990828,16.440369,16.4404,155662588.0,OYAKC
2024-08-22,16.450886,16.623854,16.281347,16.5138,163131057.0,OYAKC
2024-08-26,16.103731,16.489298,15.792049,15.9755,360811998.0,OYAKC
2024-08-27,16.316576,16.917433,15.681957,16.8685,395092488.0,OYAKC
2024-08-28,17.188993,17.431194,16.709482,17.2232,460090664.0,OYAKC
2024-08-29,17.018719,17.321104,16.782875,16.7829,392659786.0,OYAKC
2024-09-02,16.98422,17.223242,16.69725,17.1254,351549513.0,OYAKC
2024-09-03,16.923794,17.296637,16.538227,16.6239,238252811.0,OYAKC
2024-09-04,16.019573,16.50153,15.877678,16.3914,431725662.0,OYAKC
2024-09-05,16.344465,16.56269,16.146791,16.4893,251995122.0,OYAKC
2024-09-06,16.275475,16.50153,16.012232,16.1223,163423243.0,OYAKC
2024-09-09,16.07095,16.220186,15.877678,15.9633,168956986.0,OYAKC
2024-09-10,15.724038,16.073395,15.461775,15.5719,246795207.0,OYAKC
2024-09-11,15.292478,15.633029,14.98471,15.0581,177945335.0,OYAKC
2024-09-12,15.042203,15.229359,14.77676,15.0581,191074529.0,OYAKC
2024-09-13,15.354375,15.633029,15.009175,15.5841,246126682.0,OYAKC
2024-09-16,15.496758,15.64526,15.327219,15.4128,143022489.0,OYAKC
2024-09-17,15.540551,15.669726,15.38838,15.4373,160274610.0,OYAKC
2024-09-18,15.26997,15.437309,15.1192665,15.3028,149583892.0,OYAKC
2024-09-19,15.705444,15.938839,15.437309,15.7187,213090919.0,OYAKC
2024-09-20,15.8241,16.04893,15.633029,15.6575,243274598.0,OYAKC
2024-09-23,15.4789,15.804281,15.327219,15.3394,203474442.0,OYAKC
2024-09-24,15.689789,15.865444,15.327219,15.682,264413376.0,OYAKC
2024-09-25,15.806728,16.110094,15.608562,15.6575,259914138.0,OYAKC
2024-09-26,15.797187,16.134558,15.437309,15.4495,291553961.0,OYAKC
2024-09-27,15.763915,15.987768,15.38838,15.9388,262969174.0,OYAKC
2024-09-30,16.025688,16.269114,15.767584,16.2691,512152658.0,OYAKC
2024-10-01,15.771255,16.513763,15.2415905,15.3639,297543384.0,OYAKC
2024-10-02,15.12783,15.412845,14.874619,15.0703,273456411.0,OYAKC
2024-10-03,15.466669,15.804281,14.960246,15.3761,307759846.0,OYAKC
2024-10-04,15.2100315,15.767584,14.837921,15.7309,258057459.0,OYAKC
2024-10-07,15.731133,15.926606,15.461775,15.5841,140506891.0,OYAKC
2024-10-08,15.394497,15.706422,15.204894,15.2783,131459562.0,OYAKC
2024-10-09,15.058839,15.290522,14.899084,15.1193,162283325.0,OYAKC
2024-10-11,14.88416,15.143733,14.629971,14.63,171515324.0,OYAKC
2024-10-14,14.274007,14.691132,13.9694195,14.0673,157876683.0,OYAKC
2024-10-15,14.040368,14.32416,13.834864,13.9572,243244439.0,OYAKC
2024-10-16,13.912662,14.27523,13.25994,13.8716,453303021.0,OYAKC
2024-10-17,13.879635,14.055047,13.773701,13.8716,255401692.0,OYAKC
2024-10-18,13.998043,14.201836,13.7247715,13.7492,354955983.0,OYAKC
2024-10-21,13.5496025,13.785933,13.223243,13.419,219600761.0,OYAKC
2024-10-22,13.422875,13.663609,13.198777,13.5291,258349184.0,OYAKC
2024-10-23,13.30936,13.61468,13.088686,13.1621,165629091.0,OYAKC
2024-10-24,13.415047,13.5412855,13.235475,13.4679,142894003.0,OYAKC
2024-10-28,13.8926,13.981653,13.785933,13.9083,76722059.0,OYAKC
2024-10-30,14.149236,14.348625,13.9082575,14.2875,276580120.0,OYAKC
2024-10-31,14.194496,14.373089,13.981653,14.0183,290444075.0,OYAKC
2024-11-01,14.223121,14.409787,14.006117,14.1896,212557728.0,OYAKC
2024-11-04,14.244405,14.385322,14.103976,14.2875,223291971.0,OYAKC
2024-11-05,13.8515,14.409787,13.700307,13.7615,283099848.0,OYAKC
2024-11-06,14.143609,14.446484,13.675842,14.3609,263807178.0,OYAKC
2024-11-07,14.442814,14.72783,14.201836,14.7278,161757258.0,OYAKC
2024-11-08,15.00893,15.608562,14.483181,15.5352,352781347.0,OYAKC
2024-11-11,15.61835,15.853213,15.461775,15.5352,229018461.0,OYAKC
2024-11-12,15.82997,16.04893,15.608562,15.6086,329140329.0,OYAKC
2024-11-13,15.477187,15.816516,15.229359,15.6086,248242304.0,OYAKC
2024-11-14,15.662141,15.816516,15.363916,15.7676,219345119.0,OYAKC
2024-11-15,15.710339,15.951071,15.425077,15.4495,165951443.0,OYAKC
2024-11-18,15.801346,16.000002,15.425077,15.8043,274723072.0,OYAKC
2024-11-19,16.081224,16.232416,15.828747,16.208,340156649.0,OYAKC
2024-11-20,16.185934,16.366974,15.975536,16.1835,275412592.0,OYAKC
2024-11-21,16.300674,16.525995,16.0367,16.4526,223312231.0,OYAKC
2024-11-22,16.31511,16.55046,16.146791,16.3792,175759837.0,OYAKC
2024-11-25,16.957554,17.3578,16.623854,16.7095,421398185.0,OYAKC
2024-11-26,16.773335,17.076454,16.56269,16.7584,178846370.0,OYAKC
2024-11-27,16.777985,17.027525,16.599388,16.6361,203151735.0,OYAKC
2024-11-28,17.00159,17.25994,16.525995,17.1376,328915127.0,OYAKC
2024-11-29,17.240124,17.71254,16.819572,17.7125,354244771.0,OYAKC
2024-12-02,17.73309,17.96942,17.455658,17.9694,236817604.0,OYAKC
2024-12-03,17.90557,18.103975,17.761469,17.9694,266910228.0,OYAKC
2024-12-05,18.416588,19.01578,17.67046,18.4528,604969329.0,OYAKC
2024-12-06,18.186644,18.595963,17.985321,18.1571,250088342.0,OYAKC
2024-12-10,20.861065,21.525137,19.941284,20.0367,2680503511.0,OYAKC
2024-12-11,20.317211,20.971743,19.559633,19.5787,1122753774.0,OYAKC
2024-12-12,19.96132,20.513762,19.502386,20.0749,759162426.0,OYAKC
2024-12-16,20.571964,20.971743,20.20844,20.3229,440297327.0,OYAKC
2024-12-17,20.059597,20.437431,19.67413,20.1321,298633018.0,OYAKC
2024-12-18,20.44411,20.895412,19.998531,20.3802,514673210.0,OYAKC
2024-12-19,20.534752,20.8,20.151194,20.5138,392657622.0,OYAKC
2024-12-20,20.442202,20.72367,20.05578,20.5328,377358058.0,OYAKC
2024-12-23,21.57666,22.21211,20.666422,21.7923,1179429165.0,OYAKC
2024-12-24,22.604258,23.089909,21.525137,22.8228,1049772476.0,OYAKC
2024-12-25,22.760733,23.738714,21.944954,22.3266,850385511.0,OYAKC
2024-12-26,22.419155,22.994495,21.84954,22.8609,892559753.0,OYAKC
2024-12-27,23.053652,23.643303,22.593761,22.6892,759070176.0,OYAKC
2024-12-31,22.361908,22.95633,22.05945,22.8991,441405052.0,OYAKC
2025-01-02,22.993542,23.414312,22.651009,22.9563,976847380.0,OYAKC
2025-01-03,22.76455,23.280733,22.460184,22.4602,514660116.0,OYAKC
2025-01-06,22.050863,22.593761,21.69688,21.8114,607632549.0,OYAKC
2025-01-07,21.931597,22.307522,21.62055,21.7923,592293999.0,OYAKC
2025-01-08,21.964037,22.326605,21.62055,22.0404,693447814.0,OYAKC
2025-01-09,22.250275,22.460184,22.040367,22.4029,589114610.0,OYAKC
2025-01-10,22.73879,23.128073,22.326605,22.8037,726567602.0,OYAKC
2025-01-13,22.866642,23.03266,22.460184,22.8418,592741488.0,OYAKC
2025-01-14,23.32367,23.566973,22.899082,23.3571,682629928.0,OYAKC
2025-01-15,24.07457,24.406605,23.204403,24.2158,989544924.0,OYAKC
2025-01-16,24.684258,25.284403,24.120367,25.2081,925017574.0,OYAKC
2025-01-17,24.582165,25.379816,23.986788,24.2539,1338913240.0,OYAKC
2025-01-20,23.946714,24.540182,23.62422,24.0059,931560908.0,OYAKC
2025-01-21,24.143267,24.482935,23.815044,24.1967,842306288.0,OYAKC
2025-01-22,23.930494,24.36844,23.681467,24.0822,695154550.0,OYAKC
2025-01-23,24.341724,24.711926,24.044037,24.4448,902399519.0,OYAKC
2025-01-24,24.875082,25.26532,24.36844,25.189,887124470.0,OYAKC
2025-01-27,25.144148,25.494312,24.711926,25.4371,918937638.0,OYAKC
2025-01-28,24.900845,25.55156,24.597431,24.6928,853954392.0,OYAKC
2025-01-29,23.976294,24.750092,23.490643,23.7769,886241194.0,OYAKC
2025-01-30,23.69864,23.967707,23.490643,23.567,601012611.0,OYAKC
2025-01-31,23.222532,23.815044,22.899082,23.1472,703043461.0,OYAKC
2025-02-03,23.248293,23.681467,22.631926,23.4334,505144574.0,OYAKC
2025-02-04,23.862753,24.234861,23.47156,23.8914,599464614.0,OYAKC
2025-02-05,23.644257,24.101284,23.18532,23.7387,522875514.0,OYAKC
2025-02-06,24.1051,24.330275,23.815044,24.3112,493286653.0,OYAKC
2025-02-07,24.372257,24.521101,24.177614,24.5211,396570903.0,OYAKC
2025-02-10,24.923742,25.246239,24.330275,25.189,527526311.0,OYAKC
2025-02-11,25.118385,25.417982,24.788256,25.189,510482556.0,OYAKC
2025-02-12,24.146128,25.284403,23.528807,24.1394,1274102271.0,OYAKC
2025-02-13,24.163303,24.406605,23.795963,24.2349,508380015.0,OYAKC
2025-02-14,24.575487,24.826422,24.120367,24.5211,396310954.0,OYAKC
2025-02-17,24.66422,24.902752,24.253944,24.6547,333542406.0,OYAKC
2025-02-18,24.922789,25.417982,24.482935,25.3226,508522326.0,OYAKC
2025-02-19,25.739523,26.162203,25.03633,25.876,830930788.0,OYAKC
2025-02-20,26.015266,26.29578,25.570642,26.0477,560440868.0,OYAKC
2025-02-21,25.949432,26.257616,25.570642,25.7615,452643568.0,OYAKC
2025-02-24,26.32822,26.982754,25.608809,26.4294,688507328.0,OYAKC
2025-02-25,25.96088,26.410276,25.513395,25.876,464970169.0,OYAKC
2025-02-26,25.92176,26.085873,25.685139,26.0477,242986771.0,OYAKC
2025-02-27,26.296736,26.52477,25.99046,26.4294,288062859.0,OYAKC
2025-02-28,26.611597,26.830093,26.124037,26.5248,489556980.0,OYAKC
2025-03-03,26.201323,26.868258,25.494312,25.5706,654627933.0,OYAKC
2025-03-04,24.09079,24.921835,23.376146,24.1394,1261065796.0,OYAKC
2025-03-05,24.13277,24.482935,23.891376,24.1776,642363432.0,OYAKC
2025-03-06,24.514423,25.055412,24.082201,24.9028,1075397283.0,OYAKC
2025-03-07,25.765284,26.35303,24.902752,26.3149,928556057.0,OYAKC
2025-03-10,26.362568,26.620184,26.028625,26.2194,460836820.0,OYAKC
2025-03-11,26.84822,27.497982,25.704222,27.1736,801837402.0,OYAKC
2025-03-12,27.93211,28.642937,27.459818,27.7651,674178302.0,OYAKC
2025-03-14,29.330862,29.978716,28.261286,29.9596,808807896.0,OYAKC
2025-03-17,29.94055,30.22679,29.673395,29.8833,382634034.0,OYAKC
2025-03-18,30.38422,31.238167,29.139084,30.7039,924320057.0,OYAKC
2025-03-19,29.740183,30.818348,28.394863,29.7306,1046861544.0,OYAKC
2025-03-20,30.580769,31.524405,29.883303,30.1314,983610982.0,OYAKC
2025-03-21,29.008368,30.245872,27.192661,28.7193,632240509.0,OYAKC
2025-03-24,29.275524,30.035963,28.45211,29.4444,608440858.0,OYAKC
2025-03-25,30.04932,30.703854,29.616148,30.3031,607297080.0,OYAKC
2025-03-26,30.352734,31.028257,29.826056,29.9787,659080392.0,OYAKC
2025-03-27,29.78312,30.627522,28.700184,29.3299,556589992.0,OYAKC
2025-03-28,29.149578,29.78789,28.509357,29.0437,568412396.0,OYAKC
2025-04-02,28.614311,29.04367,28.242203,28.4903,299356974.0,OYAKC
2025-04-03,28.433983,28.910091,27.99413,28.2613,216569450.0,OYAKC
2025-04-04,27.700256,28.413946,27.288074,27.3262,254094389.0,OYAKC
2025-04-07,26.079193,27.192661,25.03633,26.5439,1044610985.0,OYAKC
2025-04-08,26.964624,27.383488,26.58202,26.9637,519241592.0,OYAKC
2025-04-09,26.705101,27.192661,26.181286,26.3339,438079510.0,OYAKC
2025-04-14,27.46745,27.746056,27.097248,27.1927,391457246.0,OYAKC
2025-04-15,27.512293,28.242203,26.906424,27.4026,589253626.0,OYAKC
2025-04-16,26.910238,27.307158,26.543854,26.5629,302206484.0,OYAKC
2025-04-17,26.167927,26.830093,25.589725,25.7233,544858152.0,OYAKC
2025-04-18,25.711853,26.047707,25.360733,25.7615,272027637.0,OYAKC
2025-04-21,26.133577,26.50569,25.723303,25.9905,382566102.0,OYAKC
2025-04-22,25.827303,26.314863,25.608809,25.7806,239176878.0,OYAKC
2025-04-24,26.556257,27.55523,25.875965,26.0286,631316842.0,OYAKC
2025-04-25,25.794863,26.124037,25.456146,25.7042,442697345.0,OYAKC
2025-04-28,24.641321,25.627892,24.215778,24.273,701554675.0,OYAKC
2025-04-29,23.53835,24.215778,23.128073,23.2617,456444629.0,OYAKC
2025-04-30,22.336147,23.414312,21.677797,22.3648,875679984.0,OYAKC
2025-05-02,21.87244,22.651009,21.46789,21.8877,750584175.0,OYAKC
2025-05-05,21.073835,22.078531,20.704588,20.8954,746965123.0,OYAKC
2025-05-06,20.909725,21.257982,20.666422,20.7809,562276097.0,OYAKC
2025-05-07,20.468916,21.048073,19.807707,20.0367,744022588.0,OYAKC
2025-05-08,20.383047,20.704588,20.093945,20.4565,434085580.0,OYAKC
2025-05-09,21.570936,22.116697,20.494678,21.9068,899643114.0,OYAKC
2025-05-12,22.862825,23.490643,22.345688,22.9182,862643480.0,OYAKC
2025-05-13,22.615705,23.089909,22.21211,22.3648,605931272.0,OYAKC
2025-05-14,22.783632,23.18532,22.536514,22.8037,791847325.0,OYAKC
2025-05-15,22.935339,23.299816,22.441101,22.6319,776406077.0,OYAKC
2025-05-16,22.595669,22.994495,22.269358,22.5938,441515092.0,OYAKC
2025-05-20,22.511707,22.765505,22.307522,22.3648,408618621.0,OYAKC
2025-05-21,22.201614,22.670092,21.84954,21.9068,543916405.0,OYAKC
2025-05-22,21.935413,22.269358,21.658716,21.8877,426487582.0,OYAKC
2025-05-23,21.433542,21.887707,21.067156,21.1435,505714916.0,OYAKC
2025-05-26,21.274202,21.582386,20.971743,21.2198,377188242.0,OYAKC
2025-05-27,21.050936,21.353394,20.8,20.8,293634130.0,OYAKC
2025-05-28,20.538568,20.838165,20.246605,20.4183,270092166.0,OYAKC
2025-05-29,20.339155,20.666422,19.97945,19.9795,375199994.0,OYAKC
2025-05-30,20.184587,20.647339,19.788624,20.0367,544419131.0,OYAKC
2025-06-02,19.846827,20.113028,19.635963,19.7886,272859855.0,OYAKC
2025-06-03,20.282862,20.761835,19.884037,20.6664,479604058.0,OYAKC
2025-06-04,20.539524,20.780918,20.265688,20.6855,399281167.0,OYAKC
2025-06-05,20.520441,20.838165,20.227524,20.4947,216467445.0,OYAKC
2025-06-10,20.971743,21.200733,20.704588,21.0672,527977668.0,OYAKC
2025-06-11,21.782753,22.269358,20.933578,22.0404,845864660.0,OYAKC
2025-06-12,21.323818,21.77321,20.990826,21.0481,572455709.0,OYAKC
2025-06-16,20.157873,20.456514,19.731377,20.2657,358074072.0,OYAKC
2025-06-17,20.310534,20.475595,20.13211,20.3611,183434782.0,OYAKC
2025-06-18,19.822971,20.227524,19.61688,19.7886,212099107.0,OYAKC
2025-06-19,20.157873,20.513762,19.807707,19.9031,271551657.0,OYAKC
2025-06-20,20.384,20.590092,20.170275,20.4756,185972619.0,OYAKC
2025-06-23,19.85255,20.036697,19.67413,19.7886,204847269.0,OYAKC
2025-06-24,20.730349,20.971743,20.380184,20.6092,341304391.0,OYAKC
2025-06-25,20.461285,20.72367,20.284771,20.3611,265986236.0,OYAKC
2025-06-26,20.280954,20.532845,20.036697,20.0367,215614462.0,OYAKC
2025-06-27,19.752367,20.13211,19.54055,19.7886,345152707.0,OYAKC
2025-06-30,20.442202,20.857248,19.731377,20.7428,799851004.0,OYAKC
2025-07-01,21.813284,22.36477,20.95266,21.9831,1079246880.0,OYAKC
2025-07-02,22.021284,22.307522,21.563303,21.9068,753534346.0,OYAKC
2025-07-03,22.099524,22.574678,21.77321,21.8877,978801851.0,OYAKC
2025-07-04,22.317064,22.784586,21.77321,22.651,1084732379.0,OYAKC
2025-07-07,23.014532,23.662384,22.13578,23.0327,2170233884.0,OYAKC
2025-07-08,23.468697,23.986788,23.03266,23.1472,2405849771.0,OYAKC
2025-07-09,23.196772,23.490643,22.822752,22.9945,1130496363.0,OYAKC
2025-07-10,23.495413,23.738714,23.18532,23.6051,841056114.0,OYAKC
2025-07-11,23.638533,24.044037,23.18532,23.3761,717580185.0,OYAKC
2025-07-16,22.533651,22.937248,22.040367,22.651,596049499.0,OYAKC
2025-07-17,22.685356,22.994495,22.441101,22.7464,616526624.0,OYAKC
2025-07-18,22.861872,23.10899,22.689175,22.7464,490085137.0,OYAKC
2025-07-21,23.216808,23.490643,22.784586,23.3189,677308446.0,OYAKC
2025-07-22,23.637579,24.00587,23.376146,23.4143,861456252.0,OYAKC
2025-07-23,23.37233,23.681467,23.128073,23.2044,451336596.0,OYAKC
2025-07-24,23.489687,23.77688,23.147156,23.3761,681426365.0,OYAKC
2025-07-25,23.064148,23.433393,22.822752,22.8609,403213912.0,OYAKC
2025-07-28,22.569908,22.95633,22.383852,22.4793,329950836.0,OYAKC
2025-07-29,22.356184,22.536514,22.13578,22.1549,293442430.0,OYAKC
2025-07-30,22.354277,22.498348,22.040367,22.3648,349706988.0,OYAKC
2025-07-31,22.766459,22.975412,22.422018,22.8228,548310459.0,OYAKC
2025-08-01,22.898129,23.128073,22.631926,22.9563,440509506.0,OYAKC
2025-08-04,22.988771,23.204403,22.803669,22.88,493698853.0,OYAKC
2025-08-05,22.708256,22.994495,22.517431,22.5556,292072984.0,OYAKC
2025-08-06,22.412477,22.689175,22.28844,22.4411,324628824.0,OYAKC
2025-08-07,22.677725,22.918165,22.383852,22.6128,667745054.0,OYAKC
2025-08-08,22.99545,23.18532,22.746422,22.9945,800546538.0,OYAKC
2025-08-11,23.496367,23.643303,23.33798,23.3761,792810809.0,OYAKC
2025-08-12,22.932478,23.3189,22.612844,22.7655,602681042.0,OYAKC
2025-08-13,22.876183,23.070826,22.651009,22.8418,350592378.0,OYAKC
2025-08-14,22.926752,23.204403,22.593761,22.8418,493787369.0,OYAKC
2025-08-15,22.905762,23.051743,22.746422,22.9182,270835288.0,OYAKC
2025-08-18,23.166239,23.566973,22.803669,23.4525,705956955.0,OYAKC
2025-08-19,23.467743,23.77688,23.204403,23.2807,642979695.0,OYAKC
2025-08-20,23.72345,24.463852,23.070826,24.4066,1250157135.0,OYAKC
2025-08-21,24.455267,24.769173,24.196697,24.3875,1103653448.0,OYAKC
2025-08-22,24.37512,24.711926,23.986788,24.2921,896947309.0,OYAKC
2025-08-25,24.663267,24.940916,24.425688,24.6356,1094378608.0,OYAKC
2025-08-26,24.544,24.788256,24.253944,24.502,918974391.0,OYAKC
2025-08-27,24.255854,24.826422,23.566973,23.6242,654544318.0,OYAKC
2025-08-28,23.825542,24.101284,23.566973,23.8723,446621001.0,OYAKC
2025-08-29,23.602274,24.044037,23.3189,23.3189,406547770.0,OYAKC
2025-09-02,21.72455,22.803669,20.933578,21.3343,1078320780.0,OYAKC
2025-09-03,20.741798,21.448807,20.437431,20.571,622430626.0,OYAKC
2025-09-04,20.774239,21.009909,20.532845,20.8954,738491101.0,OYAKC
2025-09-05,20.701725,21.009909,20.475595,20.5138,440551262.0,OYAKC
2025-09-08,20.222752,20.418348,19.884037,20.1321,427814238.0,OYAKC
2025-09-09,20.129248,20.418348,19.76954,19.9795,502272483.0,OYAKC
2025-09-10,19.91743,20.303854,19.75046,19.9413,411920380.0,OYAKC
2025-09-11,19.932697,20.265688,19.38789,19.3879,661708530.0,OYAKC
2025-09-12,19.044403,19.502386,18.615046,19.2543,487263950.0,OYAKC
2025-09-15,19.905027,20.609175,18.929909,20.2084,734836507.0,OYAKC
2025-09-16,20.360147,20.609175,20.074863,20.5138,992885482.0,OYAKC
2025-09-17,20.459377,20.704588,20.246605,20.3039,647628388.0,OYAKC
2025-09-18,20.516624,20.819082,20.13211,20.1894,770773193.0,OYAKC
2025-09-19,20.259008,20.513762,19.998531,20.4947,568693102.0,OYAKC
2025-09-22,20.917358,21.181652,20.628258,20.8763,821284475.0,OYAKC
2025-09-23,21.021357,21.372477,20.475595,21.029,1309662708.0,OYAKC
2025-09-24,20.894459,21.257982,20.628258,20.8763,823327238.0,OYAKC
2025-09-25,20.625395,21.086239,20.342018,20.5328,756065032.0,OYAKC
2025-09-26,20.425983,20.8,20.151194,20.2657,618561396.0,OYAKC
2025-09-29,19.990898,20.20844,19.731377,19.7695,550931772.0,OYAKC
2025-09-30,19.90789,20.246605,19.578716,20.2084,783455574.0,OYAKC
2025-10-01,19.913614,20.284771,19.559633,20.2466,863443542.0,OYAKC
2025-10-02,20.079634,20.418348,19.731377,20.0749,733402089.0,OYAKC
2025-10-03,20.097761,20.265688,19.941284,20.0749,404780557.0,OYAKC
2025-10-06,20.264734,20.513762,19.941284,20.0367,487378865.0,OYAKC
2025-10-07,20.302898,20.532845,19.941284,20.2848,656407338.0,OYAKC
2025-10-08,20.287634,20.666422,19.97945,20.1512,576550193.0,OYAKC
2025-10-09,20.659742,21.048073,20.227524,20.7618,1116291246.0,OYAKC
2025-10-10,20.87633,21.277063,20.418348,20.6283,763265788.0,OYAKC
2025-10-13,20.460331,20.761835,20.189358,20.2848,449607099.0,OYAKC
2025-10-14,20.348698,20.609175,20.017614,20.2466,677133654.0,OYAKC
2025-10-15,20.453651,20.704588,20.036697,20.571,1083829621.0,OYAKC
2025-10-16,20.275229,20.685505,19.97945,20.2084,650484872.0,OYAKC
2025-10-17,19.703705,20.13211,19.426056,19.5596,609551388.0,OYAKC
2025-10-20,19.61879,19.884037,19.23523,19.7505,622870980.0,OYAKC
2025-10-21,19.95655,20.227524,19.578716,19.9413,622573614.0,OYAKC
2025-10-22,20.205578,20.437431,20.017614,20.1703,463839387.0,OYAKC
2025-10-23,20.380184,20.609175,20.151194,20.5138,720339952.0,OYAKC
2025-10-24,21.071926,21.410643,20.551928,20.9908,1115556906.0,OYAKC
2025-10-27,20.958385,21.257982,20.628258,20.8763,816609254.0,OYAKC
2025-10-28,20.853432,21.009909,20.704588,20.8,412460653.0,OYAKC
2025-10-30,20.879,21.32,20.7,20.82,588466118.0,OYAKC
2025-10-31,21.084,21.3,20.8,21.26,846677162.0,OYAKC
2025-11-03,21.625,21.92,21.28,21.44,936755338.0,OYAKC
2025-11-04,21.687,22.06,21.36,21.72,1168318162.0,OYAKC
2025-11-05,21.622,21.92,21.2,21.88,925786498.0,OYAKC
2025-11-06,21.954,22.2,21.7,22.0,870082086.0,OYAKC
2025-11-07,22.042,22.26,21.78,21.98,844701090.0,OYAKC
2025-11-10,22.365,22.62,21.84,22.2,829340192.0,OYAKC
2025-11-11,21.762,22.34,21.18,21.5,751473197.0,OYAKC
2025-11-12,21.619,21.96,21.28,21.62,463441268.0,OYAKC
2025-11-13,22.146,22.44,21.52,22.04,795959814.0,OYAKC
2025-11-14,21.476,22.06,21.14,21.54,660027327.0,OYAKC
2025-11-17,21.75,21.96,21.52,21.6,577384369.0,OYAKC
2025-11-18,21.597,21.78,21.36,21.42,812994425.0,OYAKC
2025-11-19,21.677,21.84,21.4,21.74,629199475.0,OYAKC
2025-11-20,21.925,22.14,21.72,22.02,815918484.0,OYAKC
2025-11-21,21.6,21.88,21.32,21.68,728936180.0,OYAKC
2025-11-24,21.916,22.16,21.42,21.96,690467123.0,OYAKC
2025-11-25,22.028,22.22,21.8,22.18,1169179063.0,OYAKC
