FINANCIAL_ITEM_CODE,FINANCIAL_ITEM_NAME_TR,FINANCIAL_ITEM_NAME_EN,2015/3,2015/6,2015/9,2015/12,2016/3,2016/6,2016/9,2016/12,2017/3,2017/6,2017/9,2017/12,2018/3,2018/6,2018/9,2018/12,2019/3,2019/6,2019/9,2019/12,2020/3,2020/6,2020/9,2020/12,2021/3,2021/6,2021/9,2021/12,2022/3,2022/6,2022/9,2022/12,2023/3,2023/6,2023/9,2023/12,2024/3,2024/6,2024/9,2024/12,2025/3,2025/6,2025/9,SYMBOL
1A,I. NAKİT DEĞERLER VE MERKEZ BANKASI,I. CASH AND BALANCES WITH THE CENTRAL BANK OF TURKEY,24117151000,23364486000,29055697000,25473423000,31998696000,35084041000,34663603000,35012272000,33264180000,39823612000,34900608000,35363166000,36130029000,43359039000,33931152000,30113792000,36637176000,32791544000,35728883000,29893917000,44686810000,42732155000,43109503000,47676314000,50099906000,51603183000,71501476000,91886725000,96112894000,136718735000,143595464000,127532743000,131950015000,172765380000,240235714000,297399525000,282686840000,346302403000,316689321000,456549119000,446229551000,429829704000,455676433000,AKBNK
1AA,II. GERÇEĞE UYGUN DEĞ./ZAR. YANS.(Net),II.FINANCIAL ASSETS WHERE FAIR VAL. Chng. (Net),2156260000,2344585000,3650375000,2727912000,3477324000,4710231000,4467566000,7725711000,7676143000,6998746000,7587228000,8277507000,111773000,121170000,190200000,6833795000,6994414000,7170201000,6395641000,7240109000,7731849000,7678907000,7922512000,9021102000,9007380000,9108276000,9077844000,9807583000,2277424000,2697944000,2970394000,3135928000,3874727000,4472377000,4256665000,6701586000,8190184000,10767828000,11813585000,13422216000,22265394000,23738071000,27467802000,AKBNK
1AAA,2.1 Alım Satım Amaçlı Finansal Varlıklar,2.1 Trading Financial Assets (Net),2156260000,2344585000,3650375000,2727912000,3477324000,4710231000,4467566000,7725711000,7676143000,6998746000,7587228000,8277507000,0,0,0,0,0,0,0,0,0,0,0,0,0,0,0,0,0,0,0,0,0,0,0,0,0,0,0,0,0,0,0,AKBNK
1AAB,2.1.1 Devlet Borçlanma Senetleri,2.1.1 Public Sector Debt Securities,5228000,4593000,1900000,1655000,305000,0,0,0,0,0,0,0,0,0,0,0,0,0,0,0,0,0,0,179943000,0,0,0,0,0,0,0,0,0,0,0,0,0,0,0,0,0,0,0,AKBNK
1AAC,2.1.2 Sermayede Payı Temsil Eden Menkul Değerler,2.1.2 Share Certificates,0,0,0,0,0,0,0,0,0,0,0,0,0,0,0,0,0,0,0,0,0,0,0,158714000,0,0,0,0,0,0,0,0,0,0,0,0,0,0,0,0,0,0,0,AKBNK
1AAD,2.1.3 Alım Satım Amaçlı Türev Finansal Varlıklar,2.1.3 Trading Derivative Financial Assets,2151032000,2336852000,3621518000,2716299000,3469707000,4695513000,4451319000,7725711000,7674015000,6989354000,7587228000,8277507000,0,0,0,0,0,0,0,0,0,0,0,0,0,0,0,0,0,0,0,0,0,0,0,0,0,0,0,0,0,0,0,AKBNK
1AAE,2.1.4 Diğer Menkul Değerler,2.1.4 Other Marketable Securities,0,3140000,26957000,9958000,7312000,14718000,16247000,0,2128000,9392000,0,0,0,0,0,0,0,0,0,0,0,0,0,8682445000,0,0,0,0,0,0,0,0,0,0,0,0,0,0,0,0,0,0,0,AKBNK
1AB,2.2 Gerçeğe Uyg. Değ. Kar/Zarara Yans.,2.2 Reclassed as Financial Assets Designated at Fair Value,0,0,0,0,0,0,0,0,0,0,0,0,111773000,121170000,190200000,6833795000,6994414000,7170201000,6395641000,7240109000,7731849000,7678907000,7922512000,9021102000,9007380000,9108276000,9077844000,9807583000,2277424000,2697944000,2970394000,3135928000,3874727000,4472377000,4256665000,6701586000,8190184000,10767828000,11813585000,13422216000,22265394000,23738071000,27467802000,AKBNK
1ABA,2.2.1 Devlet Borçlanma Senetleri,2.2.1 Government Debt Securities,0,0,0,0,0,0,0,0,0,0,0,0,0,0,0,0,0,0,0,262864000,248329000,110809000,169036000,0,123326000,154143000,135610000,470711000,212694000,213153000,479853000,311666000,908311000,757751000,445301000,708654000,1017716000,1974463000,2357001000,3086396000,10705462000,11522321000,15267321000,AKBNK
1ABB,2.2.2 Sermayede Payı Temsil Eden Menkul Değerler,2.2.2 Securities Representing Share in Equity,0,0,0,0,0,0,0,0,0,0,0,0,92924000,118859000,177503000,137461000,173245000,196940000,191445000,220294000,208681000,258737000,303422000,0,172404000,198498000,193418000,282498000,317466000,320829000,470777000,555909000,617946000,877556000,901089000,1096752000,1289361000,1232937000,1585618000,1884417000,2431973000,2386932000,2600120000,AKBNK
1ABC,2.2.3 Krediler,2.2.3 Loans,0,0,0,0,0,0,0,0,0,0,0,0,0,0,0,0,0,0,0,0,0,0,0,0,0,0,0,0,0,0,0,0,0,0,0,0,0,0,0,0,0,0,0,AKBNK
1ABD,2.2.4 Diğer Menkul Değerler,2.2.4 Other Marketable Securities,0,0,0,0,0,0,0,0,0,0,0,0,18849000,2311000,12697000,6696334000,6821169000,6973261000,6204196000,6756951000,7274839000,7309361000,7450054000,0,8711650000,8755635000,8748816000,9054374000,1747264000,2163962000,2019764000,2268353000,2348470000,2837070000,2910275000,4896180000,5883107000,7560428000,7870966000,8451403000,9127959000,9828818000,9600361000,AKBNK
1AC,III. BANKALAR,III. BANKS,5912845000,8099098000,7747955000,7858297000,5317737000,5441609000,7788715000,9972809000,6719311000,6851650000,5940684000,8116779000,7705076000,11881810000,36045311000,18001985000,23385360000,17190310000,16149579000,16596746000,17768400000,12251850000,23139830000,14740357000,23400828000,24197402000,26883842000,48652436000,40984004000,43397669000,40876417000,31605716000,29519657000,39591228000,47178777000,43502938000,46713002000,66506851000,36860509000,35571820000,112711474000,85945478000,39028656000,AKBNK
1AD,IV. PARA PİYASALARINDAN ALACAKLAR,IV. RECEIVABLES FROM MONEY MARKETS,4851428000,3300972000,0,0,0,0,2476557000,0,30754000,546336000,481367000,1552161000,2078867000,1465723000,7655610000,539374000,0,16352000,0,0,2546136000,0,508492000,488179000,0,55031000,585403000,2823223000,1390115000,803484000,828451000,1459782000,7756952000,39974413000,9302870000,1409959000,1378300000,0,0,0,0,0,13533539000,AKBNK
1ADA,4.1 Bankalararası Para Piyasasından Alacaklar,4.1 Interbank Money Market Placements,0,0,0,0,0,0,0,0,0,0,0,0,0,0,0,0,0,0,0,0,0,0,0,0,0,0,0,0,0,0,0,0,0,0,0,0,0,0,0,0,0,0,0,AKBNK
1ADB,4.2 İMKB Takasbank Piyasasından Alacaklar,4.2 Receivables From Istanbul Stock Exchange Money Market,0,0,0,0,0,0,0,0,30754000,546336000,481367000,1552161000,0,0,0,0,0,0,0,0,0,0,0,0,0,0,0,0,0,0,0,0,0,0,0,0,0,0,0,0,0,0,0,AKBNK
1ADC,4.3 Ters Repo İşlemlerinden Alacaklar,4.3 Receivables From Reverse Repurchase Agreements,4851428000,3300972000,0,0,0,0,2476557000,0,0,0,0,0,0,0,0,0,0,0,0,0,0,0,0,0,0,0,0,0,0,0,0,0,0,0,0,0,0,0,0,0,0,0,0,AKBNK
1AE,V. SATILMAYA HAZIR FİNANSAL VARLIKLAR (Net),V.AVAILABLE VAILABLE FOR SALE FINANCIAL ASSETS (Net),37446854000,35053801000,38114540000,41459707000,41906711000,38341247000,36925096000,32523464000,36208023000,36226632000,37533036000,40806570000,0,0,0,0,0,0,0,0,0,0,0,0,0,0,0,0,0,0,0,0,0,0,0,0,0,0,0,0,0,0,0,AKBNK
1AEA,5.1 Sermayede Payı Temsil Eden Menkul Değerler,5.1 Securities Representing Share in Equity,12323000,12832000,12832000,128629000,129631000,54989000,62214000,67176000,76502000,78331000,86732000,97875000,0,0,0,0,0,0,0,0,0,0,0,0,0,0,0,0,0,0,0,0,0,0,0,0,0,0,0,0,0,0,0,AKBNK
1AEB,5.2 Devlet Borçlanma Senetleri,5.2 Government Debt Securities,30404530000,29948070000,32399350000,35306201000,36180763000,32540644000,31317376000,29240863000,31482482000,31543983000,33701683000,36816619000,0,0,0,0,0,0,0,0,0,0,0,0,0,0,0,0,0,0,0,0,0,0,0,0,0,0,0,0,0,0,0,AKBNK
1AEC,5.3 Diğer Menkul Değerler,5.3 Other Marketable Securities,7030001000,5092899000,5702358000,6024877000,5596317000,5745614000,5545506000,3215425000,4649039000,4604318000,3744621000,3892076000,0,0,0,0,0,0,0,0,0,0,0,0,0,0,0,0,0,0,0,0,0,0,0,0,0,0,0,0,0,0,0,AKBNK
1AF,VI. KREDİLER,VI. LOANS,130002914000,134166161000,141051396000,141763483000,142647217000,147951179000,153975090000,161827908000,171263357000,172393951000,177949101000,190508967000,199262091000,198723013000,206403546000,186376300000,196827570000,196785622000,192603405000,203834175000,209551439000,231474822000,250477749000,253318528000,268407862000,277019991000,298308212000,353371830000,415663486000,466812554000,506078256000,560350188000,617813142000,701537381000,785552538000,870105637000,975074537000,1100126219000,1204108469000,1286770857000,1352893538000,1446276405000,1614303829000,AKBNK
1AFA,6.1 Krediler,6.1 Short Term,129851367000,134016760000,140906298000,141616170000,142500187000,147804135000,153829700000,161672938000,171108191000,172241534000,177796684000,190356348000,199262091000,198723013000,206403546000,0,0,0,0,0,0,0,0,0,0,0,0,0,0,0,0,0,0,0,0,870105637000,0,0,0,1286770857000,1352893538000,1446276405000,1614303829000,AKBNK
1AFB,6.1.1 Bankanın Dahil Olduğu Risk Grubuna Kullandırılan Krediler,6.1.1 Loans Granted To The Bank's Risk Group,2858564000,3627825000,3984162000,3987210000,3859741000,4138532000,4594046000,4943470000,5353684000,5072885000,5434737000,5906865000,0,0,0,0,0,0,0,0,0,0,0,0,0,0,0,0,0,0,0,0,0,0,0,0,0,0,0,0,0,0,0,AKBNK
1AFC,6.1.2 Diğer,6.1.2 Other,126992803000,130388935000,136922136000,137628960000,138640446000,143665603000,149235654000,156729468000,165754507000,167168649000,172361947000,184449483000,0,0,0,0,0,0,0,0,0,0,0,0,0,0,0,0,0,0,0,0,0,0,0,0,0,0,0,0,0,0,0,AKBNK
1AFD,6.2 Takipteki Krediler,6.3 Loans Under Follow-Up,2409375000,2762660000,3083147000,3373323000,3197313000,3496186000,3851463000,4267191000,4494452000,3952780000,4140679000,4532711000,0,0,0,0,0,0,0,0,0,0,0,0,0,0,0,0,0,0,0,0,0,0,0,0,0,0,0,0,0,0,0,AKBNK
1AFE,6.3 Özel Karşılıklar (-),6.4 Specific Provisions (-),2257828000,2613259000,2938049000,3226010000,3050283000,3349142000,3706073000,4112221000,4339286000,3800363000,3988262000,4380092000,0,0,0,0,0,0,0,0,0,0,0,0,0,0,0,0,0,0,0,0,0,0,0,0,0,0,0,0,0,0,0,AKBNK
1AG,VII. FAKTORİNG ALACAKLARI,VII. FACTORING RECEIVABLES,0,0,0,0,0,0,0,0,0,0,0,0,0,0,0,0,0,0,0,0,0,0,0,0,0,0,0,0,0,0,0,0,0,0,0,0,0,0,0,0,0,0,0,AKBNK
1AH,VIII. VADEYE KADAR ELDE TUTULACAK YATIRIMLAR (Net),VIII. HELD TO MATURITY INVESTMENT (Net),10668067000,10122760000,10775430000,10688242000,10623530000,10749274000,10933029000,17976682000,18408000000,18261260000,17836389000,18883032000,0,0,0,0,0,0,0,0,0,0,0,0,0,0,0,0,0,0,0,0,0,0,0,0,0,0,0,0,0,0,0,AKBNK
1AHA,8.1 Devlet Borçlanma Senetleri,8.1 Government Debt Securities,10668067000,10122760000,10775430000,10688242000,10623530000,10749274000,10933029000,15461717000,15800953000,15723324000,15255324000,16143379000,0,0,0,0,0,0,0,0,0,0,0,0,0,0,0,0,0,0,0,0,0,0,0,0,0,0,0,0,0,0,0,AKBNK
1AHB,8.2 Diğer Menkul Değerler,8.2 Other Marketable Securities,0,0,0,0,0,0,0,2514965000,2607047000,2537936000,2581065000,2739653000,0,0,0,0,0,0,0,0,0,0,0,0,0,0,0,0,0,0,0,0,0,0,0,0,0,0,0,0,0,0,0,AKBNK
1AI,IX. İŞTİRAKLER (Net),IX. INVESTMENTS AND ASSOCIATES (Net),3923000,3923000,3923000,3923000,3923000,3923000,3923000,3923000,3923000,3923000,3923000,3923000,3923000,5521000,5521000,5521000,5521000,5521000,5521000,5521000,8421000,14107000,14795000,14795000,18129000,18129000,18129000,18129000,18129000,18957000,18957000,18957000,18957000,18957000,19528000,19528000,19528000,19528000,20956000,20956000,20956000,20956000,20956000,AKBNK
1AIA,9.1 Özkaynak Yöntemine Göre Muhasebeleştirilenler,9.1 Accounted With Equity Method,0,0,0,0,0,0,0,0,0,0,0,0,0,0,0,0,0,0,0,0,0,0,0,0,0,0,0,0,0,0,0,0,0,0,0,0,0,0,0,0,0,0,0,AKBNK
1AIB,9.2 Konsolide Edilmeyenler,9.2 Non-Consolidated Investments And Associates,3923000,3923000,3923000,3923000,3923000,3923000,3923000,3923000,3923000,3923000,3923000,3923000,3923000,5521000,5521000,5521000,5521000,5521000,5521000,5521000,8421000,14107000,14795000,14795000,18129000,18129000,18129000,18129000,18129000,18957000,18957000,18957000,18957000,18957000,19528000,19528000,19528000,19528000,20956000,20956000,20956000,20956000,20956000,AKBNK
1AIC,9.2.1 Mali İştirakler,9.2.1 Financial Investments And Associates,0,0,0,0,0,0,0,0,0,0,0,0,0,0,0,0,0,0,0,0,0,0,0,0,0,0,0,0,0,0,0,0,0,0,0,0,0,0,0,0,0,0,0,AKBNK
1AID,9.2.2 Mali Olmayan İştirakler,9.2.2 Non-Financial Investments And Associates,3923000,3923000,3923000,3923000,3923000,3923000,3923000,3923000,3923000,3923000,3923000,3923000,0,0,0,0,0,0,0,0,0,0,0,0,0,0,0,0,0,0,0,0,0,0,0,0,0,0,0,0,0,0,0,AKBNK
1AJ,X. BAĞLI ORTAKLIKLAR  (Net),X. SUBSIDIARIES (Net),902896000,1292155000,1415157000,1350741000,2754963000,1361493000,1418773000,3334164000,1576085000,3622915000,3876741000,4133098000,4415874000,4863765000,6055139000,5452141000,5948982000,6293069000,6176640000,6730785000,6988372000,7759792000,9133895000,9605628000,10315356000,11282795000,11545174000,16060130000,17742194000,19160636000,20801664000,23528038000,25685431000,35762129000,40796138000,46651674000,50896418000,53793195000,59791037000,60818121000,67531981000,77555303000,83286746000,AKBNK
1AJA,10.1 Konsolide Edilmeyen Mali Ortaklıklar,10.1 Financial Subsidiaries,902896000,1292155000,1415157000,1350741000,2754963000,1361493000,1418773000,3334164000,1576085000,3622915000,3876741000,4133098000,4415874000,4863765000,6055139000,5452141000,5948982000,6293069000,6176640000,6730785000,6988372000,7759792000,9133895000,9605628000,10315356000,11282795000,11545174000,16060130000,17742194000,19160636000,20801664000,23528038000,25685431000,34983549000,38046340000,43661136000,47616641000,50415039000,56249579000,57035213000,63351442000,73181779000,78659954000,AKBNK
1AJB,10.2 Konsolide Edilmeyen Mali Olmayan Ortaklıklar,10.2 Non-Financial Subsidiaries,0,0,0,0,0,0,0,0,0,0,0,0,0,0,0,0,0,0,0,0,0,0,0,0,0,0,0,0,0,0,0,0,0,778580000,2749798000,2990538000,3279777000,3378156000,3541458000,3782908000,4180539000,4373524000,4626792000,AKBNK
1AK,XI. BİRLİKTE KONTROL EDİLEN ORTAKLIKLAR (İŞ ORTAKLIKLARI) (Net),XI. JOINT VENTURES (BUSINESS PARTNERS) (Net),0,0,0,0,0,0,0,0,0,0,0,0,0,0,0,0,0,0,0,0,0,0,0,0,0,0,0,0,0,0,0,0,0,0,0,0,0,0,0,0,0,0,0,AKBNK
1AKA,11.1 Özkaynak Yöntemine Göre Muhasebeleştirilenler,11.1 Accounted With Eequity Method,0,0,0,0,0,0,0,0,0,0,0,0,0,0,0,0,0,0,0,0,0,0,0,0,0,0,0,0,0,0,0,0,0,0,0,0,0,0,0,0,0,0,0,AKBNK
1AKB,11.2 Konsolide Edilmeyenler,11.2 Non-Consolidated Jointly Controlled Associates,0,0,0,0,0,0,0,0,0,0,0,0,0,0,0,0,0,0,0,0,0,0,0,0,0,0,0,0,0,0,0,0,0,0,0,0,0,0,0,0,0,0,0,AKBNK
1AKC,11.2.1 Mali Ortaklıklar,11.2.1 Financial Jointly Controlled Associates,0,0,0,0,0,0,0,0,0,0,0,0,0,0,0,0,0,0,0,0,0,0,0,0,0,0,0,0,0,0,0,0,0,0,0,0,0,0,0,0,0,0,0,AKBNK
1AKD,11.2.2 Mali Olmayan Ortaklıklar,11.2.2 Non-Financial Jointly Controlled Associates,0,0,0,0,0,0,0,0,0,0,0,0,0,0,0,0,0,0,0,0,0,0,0,0,0,0,0,0,0,0,0,0,0,0,0,0,0,0,0,0,0,0,0,AKBNK
1AL,XII. KİRALAMA İŞLEMLERİNDEN ALACAKLAR,XII. RECEIVABLES FROM LEASING TRANSACTIONS,0,0,0,0,0,0,0,0,0,0,0,0,0,0,0,0,0,0,0,0,0,0,0,0,0,0,0,0,0,0,0,0,0,0,0,0,0,0,0,0,0,0,0,AKBNK
1ALA,12.1 Finansal Kiralama Alacakları,12.1 Gross Finance Lease Receivables,0,0,0,0,0,0,0,0,0,0,0,0,0,0,0,0,0,0,0,0,0,0,0,0,0,0,0,0,0,0,0,0,0,0,0,0,0,0,0,0,0,0,0,AKBNK
1ALB,12.2 Faaliyet Kiralaması Alacakları,12.2 Operational Lease Receivables,0,0,0,0,0,0,0,0,0,0,0,0,0,0,0,0,0,0,0,0,0,0,0,0,0,0,0,0,0,0,0,0,0,0,0,0,0,0,0,0,0,0,0,AKBNK
1ALC,12.3 Diğer,12.3 Other,0,0,0,0,0,0,0,0,0,0,0,0,0,0,0,0,0,0,0,0,0,0,0,0,0,0,0,0,0,0,0,0,0,0,0,0,0,0,0,0,0,0,0,AKBNK
1ALD,12.4 Kazanılmamış Gelirler (-),12.4 Unearned Income (-),0,0,0,0,0,0,0,0,0,0,0,0,0,0,0,0,0,0,0,0,0,0,0,0,0,0,0,0,0,0,0,0,0,0,0,0,0,0,0,0,0,0,0,AKBNK
1AM,XIII. RİSKTEN KORUNMA AMAÇLI TÜREV FİNANSAL VARLIKLAR,XIII. DERIVATIVE FINANCIAL ASSETS FOR HEDGE PURPOSES,552206000,615411000,911970000,648858000,547906000,180886000,150136000,806736000,945004000,849656000,807614000,1134854000,0,0,0,0,0,0,0,0,0,0,0,0,0,0,0,0,0,0,0,0,0,0,0,0,0,0,0,0,0,0,0,AKBNK
1AMA,13.1 Gerçeğe Uygun Değer Riskinden Korunma Amaçlılar,13.1 Hedging For Fair Value Risk,552206000,615411000,911970000,648858000,543828000,180886000,150136000,712398000,845924000,775259000,733603000,1003406000,0,0,0,0,0,0,0,0,0,0,0,0,0,0,0,0,0,0,0,0,0,0,0,0,0,0,0,0,0,0,0,AKBNK
1AMB,13.2 Nakit Akış Riskinden Korunma Amaçlılar,13.2 Hedging For Cash Flow Risk,0,0,0,0,4078000,0,0,94338000,99080000,74397000,74011000,131448000,0,0,0,0,0,0,0,0,0,0,0,0,0,0,0,0,0,0,0,0,0,0,0,0,0,0,0,0,0,0,0,AKBNK
1AMC,13.3 Yurtdışındaki Net Yatırım Riskinden Korunma Amaçlılar,13.3 Hedging For Net Investments Risk in Abroad,0,0,0,0,0,0,0,0,0,0,0,0,0,0,0,0,0,0,0,0,0,0,0,0,0,0,0,0,0,0,0,0,0,0,0,0,0,0,0,0,0,0,0,AKBNK
1AN,XIV. MADDİ DURAN VARLIKLAR (Net),XIV. PROPERTY AND EQUIPMENT (Net),832387000,807177000,782824000,790401000,760993000,734526000,732686000,875202000,3325729000,3313679000,3289943000,3416438000,3464742000,3521122000,3643262000,3948417000,4390813000,4381055000,4848576000,4863982000,4996565000,5241781000,5282509000,5956500000,5855284000,5796403000,5796749000,5829227000,6079482000,6405663000,11299410000,15127282000,15285101000,16032799000,16388468000,23991524000,24662771000,25842921000,26447798000,36587220000,37570990000,37640433000,37972515000,AKBNK
1AO,XV. MADDİ OLMAYAN DURAN VARLIKLAR (Net),XV. INTANGIBLE ASSETS (Net),236593000,228151000,217832000,220664000,220250000,221548000,222230000,356672000,349104000,342426000,330572000,471650000,475840000,510187000,534683000,624243000,631931000,616883000,648417000,933979000,947547000,1038516000,1056875000,1168372000,1159420000,1180724000,1205775000,1465639000,1571842000,2018818000,2079403000,2652021000,2658645000,2828464000,3000543000,3767983000,4301288000,4791558000,5230297000,6447391000,6746929000,7543501000,8227756000,AKBNK
1AOA,15.1 Şerefiye,17.1 Goodwill,0,0,0,0,0,0,0,0,0,0,0,0,0,0,0,0,0,0,0,0,0,0,0,0,0,0,0,0,0,0,0,0,0,0,0,0,0,0,0,0,0,0,0,AKBNK
1AOB,15.2 Diğer,17.2 Other,236593000,228151000,217832000,220664000,220250000,221548000,222230000,356672000,349104000,342426000,330572000,471650000,475840000,510187000,534683000,624243000,631931000,616883000,648417000,933979000,947547000,1038516000,1056875000,1168372000,1159420000,1180724000,1205775000,1465639000,1571842000,2018818000,2079403000,2652021000,2658645000,2828464000,3000543000,3767983000,4301288000,4791558000,5230297000,6447391000,6746929000,7543501000,8227756000,AKBNK
1AP,XVI. YATIRIM AMAÇLI GAYRİMENKULLER (Net),XVI. REAL ESTATES FOR INVESTMENT PURPOSE (Net),0,0,0,0,0,0,0,0,0,0,0,0,0,0,0,0,0,0,0,0,0,0,0,0,0,0,0,0,0,0,0,0,0,0,0,0,0,0,0,0,0,0,0,AKBNK
1AR,XVII. VERGİ VARLIĞI,XVII. TAX ASSETS,0,11452000,164401000,146184000,14052000,0,0,14295000,0,0,0,9075000,121589000,351488000,178228000,285627000,601308000,0,0,2438000,0,0,366480000,88226000,83700000,0,0,73610000,6328192000,5666927000,0,192285000,125181000,1380565000,0,54509000,0,4334098000,3687633000,2068763000,1778894000,3399622000,498764000,AKBNK
1ARA,17.1 Cari Vergi Varlığı,17.1 Current Tax Assets,0,0,0,0,0,0,0,0,0,0,0,0,0,0,116509000,262217000,601308000,0,0,0,0,0,366480000,0,0,0,0,0,0,5666927000,0,0,0,1380565000,0,0,0,0,3687633000,680721000,677891000,0,0,AKBNK
1ARB,17.2 Ertelenmiş Vergi Varlığı,17.2 Deferred Tax Assets,0,11452000,164401000,146184000,14052000,0,0,14295000,0,0,0,9075000,121589000,351488000,61719000,23410000,0,0,0,2438000,0,0,0,88226000,83700000,0,0,73610000,6328192000,0,0,192285000,125181000,0,0,54509000,0,4334098000,0,1388042000,1101003000,3399622000,498764000,AKBNK
1AS,XVIII. SATIŞ AMAÇLI  FAALİYETLERE İLİŞKİN DUV,XVIII. PROPERTY AND EQU. OPER.(Net),159462000,169162000,174291000,179537000,182341000,31148000,42394000,42343000,43995000,46870000,49829000,57520000,66214000,82099000,86248000,90305000,102195000,114748000,857564000,636017000,163650000,226259000,177877000,173416000,192837000,201095000,241070000,170756000,154277000,306686000,246784000,565378000,517843000,453445000,402147000,475836000,3636022000,3476071000,3412749000,3464212000,3501540000,3571356000,3654822000,AKBNK
1ASA,18.1 Satış Amaçlı,18.1 Held For Sale Purpose,159462000,169162000,174291000,179537000,182341000,31148000,42394000,42343000,43995000,46870000,49829000,57520000,66214000,82099000,86248000,90305000,102195000,114748000,857564000,636017000,163650000,226259000,177877000,173416000,192837000,201095000,241070000,170756000,154277000,306686000,246784000,565378000,517843000,453445000,402147000,475836000,3636022000,3476071000,3412749000,3464212000,3501540000,3571356000,3654822000,AKBNK
1ASB,18.2 Durdurulan Faaliyetlere İlişkin,18.2 Held From Terminated Operations,0,0,0,0,0,0,0,0,0,0,0,0,0,0,0,0,0,0,0,0,0,0,0,0,0,0,0,0,0,0,0,0,0,0,0,0,0,0,0,0,0,0,0,AKBNK
1AT,XIX. DİĞER AKTİFLER,XIX. OTHER ASSETS,1344935000,1483843000,2082672000,1497616000,1980402000,2541544000,2713896000,2352512000,3166639000,3280493000,2478376000,3296128000,4301111000,4316422000,7618554000,6038884000,5020787000,5721521000,6245536000,5426550000,6716624000,7555686000,8364914000,2819328000,2867985000,3640655000,4457653000,4447094000,6126947000,9688617000,16611115000,19757384000,24501316000,24639331000,28233677000,26094613000,27350078000,33474897000,47496635000,42503163000,43110525000,58907479000,61218462000,AKBNK
1Z,AKTİF TOPLAMI,TOTAL ASSETS,219187921000,221063137000,236148463000,234808988000,242436045000,247352649000,256513694000,272824693000,282980247000,292562149000,293065411000,316030868000,322354348000,340935554000,392457232000,327642125000,356833265000,344764245000,351448288000,360501112000,393932331000,414858399000,453588860000,446100801000,481130610000,497145202000,552507431000,708911295000,789045783000,922168300000,1003480579000,1075186455000,1185169058000,1434576257000,1612957984000,1789174174000,1959704440000,2180575592000,2277956968000,2515596654000,2706720796000,2818347573000,3028775669000,AKBNK
2A,I. MEVDUAT,I. DEPOSITS,119302232000,125740861000,140962985000,138942497000,140475794000,140812275000,151305993000,158878192000,165599525000,173220430000,172207709000,184904449000,193563180000,198446282000,221344266000,188391053000,206505163000,206234830000,214848036000,224054527000,248480648000,237291670000,269214476000,268570195000,283660823000,295656274000,320295797000,413260734000,470213980000,581131200000,624915178000,679324762000,774590444000,946732894000,1070043185000,1218108326000,1307172660000,1403593766000,1504756655000,1562097372000,1673573010000,1803889006000,1926816379000,AKBNK
2AA,1.1 Bankanın Dahil Olduğu Risk Grubunun Mevduatı,1.1 Deposits Held By The Bank's Risk Group,4380788000,5211906000,5290195000,4735297000,5235216000,5367022000,5310664000,5219063000,6582993000,6423690000,5666013000,6222625000,0,0,0,0,0,0,0,0,0,0,0,0,0,0,0,0,0,0,0,0,0,0,0,0,0,0,0,0,0,0,0,AKBNK
2AB,1.2 Diğer,1.2 Other,114921444000,120528955000,135672790000,134207200000,135240578000,135445253000,145995329000,153659129000,159016532000,166796740000,166541696000,178681824000,0,0,0,0,0,0,0,0,0,0,0,0,0,0,0,0,0,0,0,0,0,0,0,0,0,0,0,0,0,0,0,AKBNK
2B,II. ALIM SATIM AMAÇLI TÜREV FİNANSAL BORÇLAR,II. TRADING DERIVATIVE FINANCIAL LIABILITIES,1519909000,1449963000,2501881000,1446874000,1964241000,2327877000,1508375000,4513808000,4910305000,4030567000,3552205000,5520253000,0,0,0,0,0,0,0,0,0,0,0,0,0,0,0,0,0,0,0,0,0,0,0,0,0,0,0,0,0,0,0,AKBNK
2C,III. ALINAN KREDİLER,III. FUNDS BORROWED,23013339000,22176214000,25420165000,23713338000,22652284000,26247554000,27643143000,30066936000,30959155000,28995224000,28131103000,29671780000,31303489000,40034602000,44186448000,39727165000,38556597000,32696384000,30953571000,31371096000,32308608000,33959537000,39556823000,36264001000,38892508000,38928527000,35981309000,53496813000,58030439000,67203667000,73351273000,64396760000,64242273000,76770224000,80499056000,94828506000,95996379000,95466976000,98649777000,95383543000,111385156000,128386386000,146421254000,AKBNK
2D,IV. PARA PİYASALARINA BORÇLAR,IV. FUNDS FROM MONEY MARKET,28182412000,23855095000,20804215000,22829108000,27556560000,27271608000,24495020000,25383017000,22615494000,22530074000,23437553000,27283040000,24487838000,21489012000,30069645000,13062199000,16494910000,9625652000,10144696000,8811764000,17236883000,33351735000,23819269000,19007866000,34741347000,29658613000,57200082000,61006635000,63820780000,49757850000,43975385000,54029855000,64580034000,103350071000,109768506000,89831382000,126152732000,225933588000,182553689000,324370032000,346317711000,249994622000,249712281000,AKBNK
2DA,4.1 Bankalararası Para Piyasalarına Borçlar,4.1 Interbank Money Market Payables,0,0,0,0,2328679000,1630408000,0,950449000,1164299000,1164299000,1164598000,0,0,0,0,0,0,0,0,0,0,0,0,0,0,0,0,0,0,0,0,0,0,0,0,0,0,0,0,0,0,0,0,AKBNK
2DB,4.2 İMKB Takasbank Piyasasına Borçlar,4.2 Istanbul Stock Exchange Money Market Payables,0,0,0,0,0,0,0,55199000,0,0,0,0,0,0,0,0,0,0,0,0,0,0,0,0,0,0,0,0,0,0,0,0,0,0,0,0,0,0,0,0,0,0,0,AKBNK
2DC,4.3 Repo İşlemlerinden Sağlanan Fonlar,4.3 Funds Provided Under Repurchase Agreements,28182412000,23855095000,20804215000,22829108000,25227881000,25641200000,24495020000,24377369000,21451195000,21365775000,22272955000,27283040000,0,0,0,0,0,0,0,0,0,0,0,0,0,0,0,0,0,0,0,0,0,0,0,0,0,0,0,0,0,0,0,AKBNK
2E,V. İHRAÇ EDİLEN MENKUL KIYMETLER (Net),V. MARKETABLE SECURITIES ISSUED (Net),13148986000,13188798000,11206298000,11266067000,10592860000,10416730000,10000110000,10617494000,10831042000,11416093000,12461464000,13853149000,11565945000,13577881000,12378831000,12152006000,16242295000,16538564000,12832037000,13518200000,11695005000,18708906000,22558328000,19157976000,19047428000,19979809000,22029048000,29542447000,27176654000,32089374000,36549389000,22439569000,22910672000,34615595000,37089222000,39460759000,42836785000,62736985000,63338158000,95214817000,91181114000,131797701000,166448968000,AKBNK
2EA,5.1 Bonolar,5.1 Bills,2689355000,2770813000,2336273000,2438778000,1986851000,1869231000,1209911000,484661000,695282000,1460374000,1831440000,3783736000,3775606000,4790669000,1471229000,2042561000,5772941000,5876503000,2395182000,2372587000,2982641000,9680189000,8057848000,5125237000,3658691000,4196399000,5849075000,6317699000,2097768000,4411956000,6704274000,0,0,0,0,0,0,0,0,0,0,0,0,AKBNK
2EB,5.2 Varlığa Dayalı Menkul Kıymetler,5.2 Asset Backed Securities,0,0,0,0,0,0,0,0,0,0,0,0,0,0,0,0,0,0,0,0,0,0,0,0,0,0,0,0,0,0,0,0,0,0,0,0,0,0,0,0,0,0,0,AKBNK
2EC,5.3 Tahviller,5.3 Bonds,10459631000,10417985000,8870025000,8827289000,8606009000,8547499000,8790199000,10132833000,10135760000,9955719000,10630024000,10069413000,7790339000,8787212000,10907602000,10109445000,10469354000,10662061000,10436855000,11145613000,8712364000,9028717000,14500480000,14032739000,15388737000,15783410000,16179973000,23224748000,25078886000,27677418000,29845115000,22439569000,22910672000,34615595000,37089222000,39460759000,42836785000,62736985000,63338158000,95214817000,91181114000,131797701000,166448968000,AKBNK
2F,VI. FONLAR,VI. FUNDS,0,0,0,0,0,0,0,0,0,0,0,0,0,0,0,0,0,0,0,0,0,0,0,0,0,0,0,0,0,0,0,0,0,0,0,0,0,0,0,0,0,0,0,AKBNK
2FA,6.1 Müstakriz Fonları,6.1 Borrower Funds,0,0,0,0,0,0,0,0,0,0,0,0,0,0,0,0,0,0,0,0,0,0,0,0,0,0,0,0,0,0,0,0,0,0,0,0,0,0,0,0,0,0,0,AKBNK
2FB,6.2 Diğer,6.2 Other,0,0,0,0,0,0,0,0,0,0,0,0,0,0,0,0,0,0,0,0,0,0,0,0,0,0,0,0,0,0,0,0,0,0,0,0,0,0,0,0,0,0,0,AKBNK
2G,VII. MUHTELİF BORÇLAR,VII. MISCELLANEOUS PAYABLES,3986943000,3644527000,4322372000,4461749000,4779277000,4571000000,4853000000,5176374000,5561584000,5241566000,6445678000,5917197000,0,0,0,0,0,0,0,0,0,0,0,0,0,0,0,0,0,0,0,0,0,0,0,0,0,0,0,0,0,0,0,AKBNK
2H,VIII. DİĞER YABANCI KAYNAKLAR,VIII. OTHER EXTERNAL RESOURCES,1652742000,2067185000,2164946000,1468876000,1488423000,2301269000,2489953000,1399996000,1907886000,2880523000,1105720000,1101637000,0,0,0,0,0,0,0,0,0,0,0,0,0,0,0,0,0,0,0,0,0,0,0,0,0,0,0,0,0,0,0,AKBNK
2I,IX. FAKTORİNG BORÇLARI,IX. FACTORING PAYABLES,0,0,0,0,0,0,0,0,0,0,0,0,0,0,0,0,0,0,0,0,0,0,0,0,0,0,0,0,0,0,0,0,0,0,0,0,0,0,0,0,0,0,0,AKBNK
2J,X. KİRALAMA İŞLEMLERİNDEN BORÇLAR,X. LEASING TRANSACTONS PAYABLES,93463000,80093000,65887000,63970000,49579000,35073000,37857000,28321000,18927000,15447000,6885000,5899000,65000,57000,9821000,25048000,568094000,568486000,581920000,574553000,575079000,565605000,503519000,505660000,509554000,520343000,511265000,535440000,557106000,642664000,697096000,799166000,879568000,1072786000,1209075000,1385912000,1630081000,1982186000,2108975000,2620129000,2878625000,3266301000,3417742000,AKBNK
2JA,10.1 Finansal Kiralama Borçları,10.1 Gross Financial Lease Payables,119675000,102120000,84297000,82124000,63046000,44394000,49636000,37714000,24675000,19964000,8686000,7504000,70000,60000,11205000,0,0,0,0,0,0,0,0,0,0,0,0,0,0,0,0,0,0,0,0,0,0,0,0,0,0,0,0,AKBNK
2JB,10.2 Faaliyet Kiralaması Borçları,10.2 Operational Financial Lease Payables,0,0,0,0,0,0,0,0,0,0,0,0,0,0,0,0,0,0,0,0,0,0,0,0,0,0,0,0,0,0,0,0,0,0,0,0,0,0,0,0,0,0,0,AKBNK
2JC,10.3 Diğer,10.3 Other,0,0,0,0,0,0,0,0,0,0,0,0,0,0,0,0,0,0,0,0,0,0,0,0,0,0,0,0,0,0,0,0,0,0,0,0,0,0,0,0,0,0,0,AKBNK
2JD,10.4 Ertelenmiş Finansal Kiralama Giderleri ( - ),10.4 Deferred Finance Leasing Expenses ( - ),26212000,22027000,18410000,18154000,13467000,9321000,11779000,9393000,5748000,4517000,1801000,1605000,5000,3000,1384000,0,0,0,0,0,0,0,0,0,0,0,0,0,0,0,0,0,0,0,0,0,0,0,0,0,0,0,0,AKBNK
2K,XI.  RİSKTEN KORUNMA AMAÇLI TÜREV FİNANSAL BORÇLAR,XI. DERIVATIVE FINANCIAL LIABILITIES FOR HEDGE PURPOSES,183980000,127585000,239701000,157528000,270402000,448141000,325550000,98645000,98064000,140256000,118406000,74911000,0,0,0,0,0,0,0,0,0,0,0,0,0,0,0,0,0,0,0,0,0,0,0,0,0,0,0,0,0,0,0,AKBNK
2KA,11.1 Gerçeğe Uygun Değer Riskinden Korunma Amaçlılar,11.1 Hedging For Fair Value Risk,183980000,127585000,239701000,157528000,270402000,426398000,315154000,98645000,98064000,122470000,107715000,74911000,0,0,0,0,0,0,0,0,0,0,0,0,0,0,0,0,0,0,0,0,0,0,0,0,0,0,0,0,0,0,0,AKBNK
2KB,11.2 Nakit Akış Riskinden Korunma Amaçlılar,11.2 Hedging For Cash Flow Risk,0,0,0,0,0,21743000,10396000,0,0,17786000,10691000,0,0,0,0,0,0,0,0,0,0,0,0,0,0,0,0,0,0,0,0,0,0,0,0,0,0,0,0,0,0,0,0,AKBNK
2KC,11.3 Yurtdışındaki Net Yatırım Riskinden Korunma Amaçlılar,11.3 Hedging For Net Investments Risk in Abroad,0,0,0,0,0,0,0,0,0,0,0,0,0,0,0,0,0,0,0,0,0,0,0,0,0,0,0,0,0,0,0,0,0,0,0,0,0,0,0,0,0,0,0,AKBNK
2L,XII.  KARŞILIKLAR,XII. PROVISIONS,2766151000,2857155000,3026755000,3165726000,3212999000,3268636000,3337175000,3516125000,3532765000,3542745000,3593060000,3791281000,1216086000,1004234000,1144733000,1294978000,1401534000,1453362000,1408908000,1531077000,1768158000,1948718000,2128132000,2416862000,2446944000,2522124000,2587263000,3225201000,3691737000,4462282000,4892956000,5665488000,6259537000,7184720000,7559188000,7452493000,7657906000,8286914000,7347091000,7150021000,7267529000,7837283000,8064294000,AKBNK
2LA,12.1 Genel Karşılıklar,12.1 General Loan Loss Provision,2243250000,2334099000,2493652000,2544702000,2592019000,2667259000,2767714000,2923525000,2957993000,2988302000,3021443000,2654011000,0,0,0,0,0,0,0,0,0,0,0,0,0,0,0,0,0,0,0,0,0,0,0,0,0,0,0,0,0,0,0,AKBNK
2LB,12.2 Yeniden Yapılanma Karşılığı,12.2 Restructuring Provision,0,0,0,0,0,0,0,0,0,0,0,0,0,0,0,0,0,0,0,0,0,0,0,0,0,0,0,0,0,0,0,0,0,0,0,0,0,0,0,0,0,0,0,AKBNK
2LC,12.3 Çalışan Hakları Karşılığı,12.3 Provision For Employ Benefits,126910000,129404000,119421000,187178000,189664000,192151000,197285000,219388000,222347000,225339000,228364000,290127000,295059000,306639000,302237000,311510000,350515000,363126000,370238000,434942000,455227000,482878000,477040000,535221000,561796000,610350000,603154000,745039000,839916000,1183077000,1323386000,2183677000,2499447000,2958925000,2999081000,3188733000,3289193000,3889933000,4281015000,2917096000,3013918000,3443735000,3633977000,AKBNK
2LD,12.4 Sigorta Teknik Karşılıkları (Net),12.4 Insurance Technical Reserves (Net),0,0,0,0,0,0,0,0,0,0,0,0,0,0,0,0,0,0,0,0,0,0,0,0,0,0,0,0,0,0,0,0,0,0,0,0,0,0,0,0,0,0,0,AKBNK
2LE,12.5 Diğer Karşılıklar,12.5 Other Provisions,395991000,393652000,413682000,433846000,431316000,409226000,372176000,373212000,352425000,329104000,343253000,847143000,921027000,697595000,842496000,983468000,1051019000,1090236000,1038670000,1096135000,1312931000,1465840000,1651092000,1881641000,1885148000,1911774000,1984109000,2480162000,2851821000,3279205000,3569570000,3481811000,3760090000,4225795000,4560107000,4263760000,4368713000,4396981000,3066076000,4232925000,4253611000,4393548000,4430317000,AKBNK
2M,XIII. VERGİ BORCU,XIII. TAX LIABILITIES,379224000,411294000,294889000,604078000,557991000,631486000,582471000,770127000,1119124000,1197320000,1276057000,1581767000,1007332000,761402000,511507000,788089000,1265947000,1366952000,1643138000,1463301000,862528000,1468826000,1118624000,1587841000,772163000,1783797000,2118211000,2404436000,11306166000,5772450000,6969419000,13696508000,13563262000,5572943000,12309196000,12319950000,13590813000,12350297000,7319830000,9408470000,9789053000,12551127000,13528246000,AKBNK
2MA,13.1 Cari Vergi Borcu,13.1 Current Tax Liabilities,305284000,411294000,294889000,604078000,557991000,592403000,486442000,645284000,833111000,740958000,617625000,1189603000,1007332000,761402000,511507000,504394000,528250000,687807000,827091000,758992000,613909000,1364730000,453831000,1571680000,772163000,1498819000,2090890000,2233095000,11306166000,828122000,3634438000,10669260000,13563262000,2054377000,7081580000,11143374000,11767364000,12350297000,7210886000,8441686000,9789053000,12551127000,13528246000,AKBNK
2MB,13.2 Ertelenmiş Vergi Borcu,13.2 Deferred Tax Liabilities,73940000,0,0,0,0,39083000,96029000,124843000,286013000,456362000,658432000,392164000,0,0,0,283695000,737697000,679145000,816047000,704309000,248619000,104096000,664793000,16161000,0,284978000,27321000,171341000,0,4944328000,3334981000,3027248000,0,3518566000,5227616000,1176576000,1823449000,0,108944000,966784000,0,0,0,AKBNK
2N,XIV. SATIŞ AMAÇLI ELDE TUTULAN  DUV  BORÇ.,None,0,0,0,0,0,0,0,0,0,0,0,0,0,0,0,0,0,0,0,0,0,0,0,0,0,0,0,0,0,0,0,0,0,0,0,0,0,0,0,0,0,0,0,AKBNK
2NA,14.1 Satış Amaçlı,14.1 Held For Sale Purpose,0,0,0,0,0,0,0,0,0,0,0,0,0,0,0,0,0,0,0,0,0,0,0,0,0,0,0,0,0,0,0,0,0,0,0,0,0,0,0,0,0,0,0,AKBNK
2NB,14.2 Durdurulan Faaliyetlere İlişkin,14.2 Held From Terminated Operations,0,0,0,0,0,0,0,0,0,0,0,0,0,0,0,0,0,0,0,0,0,0,0,0,0,0,0,0,0,0,0,0,0,0,0,0,0,0,0,0,0,0,0,AKBNK
2NBA,XV.  SERMAYE BENZERİ KREDİLER,XV. SUBORDINATED LOANS,0,0,0,0,0,0,0,0,1796095000,1778864000,1757497000,1900999000,3527461000,4127282000,5422330000,4784477000,5080025000,5208937000,5096521000,5381534000,5918959000,6201725000,7008986000,6718414000,7521772000,12179052000,12523395000,18725534000,13380820000,14967863000,16921746000,16800082000,17504209000,12837383000,22104336000,23736225000,45450781000,46103318000,49107398000,49633272000,72903078000,76805130000,80497213000,AKBNK
2O,XVI. ÖZKAYNAKLAR,XVI. SHAREHOLDERS' EQUITY,24958540000,25464367000,25138369000,26689177000,28835635000,29021000000,29935047000,32375658000,34030281000,37573040000,38972074000,40424506000,41141741000,41888286000,43188580000,43809089000,47563805000,49367811000,51541375000,54382427000,53901623000,57516686000,58972731000,62918993000,63033309000,67305061000,70251735000,75954951000,90664595000,102728932000,126198293000,153599884000,153735590000,169535727000,190023960000,211195427000,213100886000,221093198000,230945078000,240347891000,242925730000,258900893000,277363065000,AKBNK
2OA,16.1 Ödenmiş Sermaye,16.1 Paid-in Capital,4000000000,4000000000,4000000000,4000000000,4000000000,4000000000,4000000000,4000000000,4000000000,4000000000,4000000000,4000000000,4000000000,4000000000,4000000000,4000000000,5200000000,5200000000,5200000000,5200000000,5200000000,5200000000,5200000000,5200000000,5200000000,5200000000,5200000000,5200000000,5200000000,5200000000,5200000000,5200000000,5200000000,5200000000,5200000000,5200000000,5200000000,5200000000,5200000000,5200000000,5200000000,5200000000,5200000000,AKBNK
2OB,16.2 Sermaye Yedekleri,16.2 Capital Reserves,2460236000,2283980000,1286336000,1927826000,3607488000,2520256000,2329679000,3393852000,4835451000,6766660000,6667164000,6595374000,3686298000,3686298000,3686298000,3686298000,5400628000,5400628000,5400628000,5400628000,5400628000,5400628000,5400628000,5400628000,5400628000,5400628000,5400628000,5400628000,5400628000,5400628000,5400628000,5400628000,5400628000,5400628000,5400628000,5400628000,5400628000,5400628000,5400628000,5400628000,5400628000,5400628000,5400628000,AKBNK
2OC,16.2.1 Hisse Senedi İhraç Primleri,16.2.1 Share Premium,1700000000,1700000000,1700000000,1700000000,1700000000,1700000000,1700000000,1700000000,1700000000,1700000000,1700000000,1700000000,1700000000,1700000000,1700000000,1700000000,3505742000,3505742000,3505742000,3505742000,3505742000,3505742000,3505742000,3505742000,3505742000,3505742000,3505742000,3505742000,3505742000,3505742000,3505742000,3505742000,3505742000,3505742000,3505742000,3505742000,3505742000,3505742000,3505742000,3505742000,3505742000,3505742000,3505742000,AKBNK
2OD,16.2.2 Hisse Senedi İptal Karları,16.2.2 Share Cancellation Profits,0,0,0,0,0,0,0,0,0,0,0,0,0,0,0,0,0,0,0,0,0,0,0,0,0,0,0,0,0,0,0,0,0,0,0,0,0,0,0,0,0,0,0,AKBNK
2OE,16.2.3 Menkul Değerler Değerleme Farkları,16.2.3 Valuation Changes Of Marketable Securities,-611621000,-798463000,-1802840000,-1112761000,561988000,-515771000,-723067000,271568000,-596990000,1360900000,1248634000,1164749000,0,0,0,0,0,0,0,0,0,0,0,0,0,0,0,0,0,0,0,0,0,0,0,0,0,0,0,0,0,0,0,AKBNK
2OF,16.2.4 Maddi Duran Varlıklar Yeniden Değerleme Farkları,16.2.4 Revaluation Changes Of Property And Equipment,47106000,47106000,47106000,47106000,47106000,47106000,47106000,47106000,2349054000,2349054000,2349134000,2348962000,0,0,0,0,0,0,0,0,0,0,0,0,0,0,0,0,0,0,0,0,0,0,0,0,0,0,0,0,0,0,0,AKBNK
2OG,16.2.5 Maddi Olmayan Duran Varlıklar Yeniden Değerleme Farkları,16.2.5 Revaluation Changes Of Intangible Assets,0,0,0,0,0,0,0,0,0,0,0,0,0,0,0,0,0,0,0,0,0,0,0,0,0,0,0,0,0,0,0,0,0,0,0,0,0,0,0,0,0,0,0,AKBNK
2OH,16.2.6 Yatırım Amaçlı Gayrimenkuller Yeniden Değerleme Farkları,16.2.6 Revaluation changes of real estates for investment purpose,0,0,0,0,0,0,0,0,0,0,0,0,0,0,0,0,0,0,0,0,0,0,0,0,0,0,0,0,0,0,0,0,0,0,0,0,0,0,0,0,0,0,0,AKBNK
2OI,16.2.7 İşt. Bağlı Ort. Bedelsiz Hisse Senetleri,None,4895000,4895000,4895000,4895000,4895000,4895000,4895000,4895000,4895000,4895000,6440000,6440000,0,0,0,0,0,0,0,0,0,0,0,0,0,0,0,0,0,0,0,0,0,0,0,0,0,0,0,0,0,0,0,AKBNK
2OJ,16.2.8 Riskten Korunma Fonları (Etkin kısım),16.2.8 Hedge Funds,-80133000,-69547000,-62814000,-60377000,-55464000,-64937000,-48218000,35899000,44108000,17427000,28572000,83373000,0,0,0,0,0,0,0,0,0,0,0,0,0,0,0,0,0,0,0,0,0,0,0,0,0,0,0,0,0,0,0,AKBNK
2OK,16.2.9 Satış Amaçlı Elde Tut. Dur. DUV Farkları,None,0,0,0,0,0,0,0,0,0,0,0,0,0,0,0,0,0,0,0,0,0,0,0,0,0,0,0,0,0,0,0,0,0,0,0,0,0,0,0,0,0,0,0,AKBNK
2OL,16.2.10 Diğer Sermaye Yedekleri,16.2.6 Other Capital Reserves,1399989000,1399989000,1399989000,1348963000,1348963000,1348963000,1348963000,1334384000,1334384000,1334384000,1334384000,1291850000,1986298000,1986298000,1986298000,1986298000,1894886000,1894886000,1894886000,1894886000,1894886000,1894886000,1894886000,1894886000,1894886000,1894886000,1894886000,1894886000,1894886000,1894886000,1894886000,1894886000,1894886000,1894886000,1894886000,1894886000,1894886000,1894886000,1894886000,1894886000,1894886000,1894886000,1894886000,AKBNK
2OM,16.3 Kar Yedekleri,16.3 Profit Reserves,17766503000,17766503000,17766503000,17766503000,20161351000,20161351000,20161351000,20161351000,23790063000,23790063000,23790063000,23790063000,28229132000,28233739000,28233739000,28233739000,33923383000,33924312000,33924314000,33924314000,39354663000,39354663000,39354663000,39354663000,44995750000,45024998000,45024998000,45024998000,55939306000,56070405000,56070405000,56070405000,107141776000,107141776000,107141776000,107141776000,163649716000,163658747000,163658747000,163658747000,199670417000,199716101000,199716101000,AKBNK
2ON,16.3.1 Yasal Yedekler,16.3.1 Legal Reserves,1282027000,1282027000,1282027000,1282027000,1322027000,1322027000,1322027000,1322027000,1392027000,1392027000,1392027000,1392027000,1532027000,1532027000,1532027000,1532027000,1532027000,1532027000,1532027000,1532027000,1772027000,1772027000,1772027000,1772027000,1808635000,1808635000,1808635000,1808635000,1903795000,1903795000,1903795000,1903795000,2777395000,2777395000,2777395000,2777395000,3748495000,3748495000,3748495000,3748495000,4357935000,4357935000,4357935000,AKBNK
2OO,16.3.2 Statü Yedekleri,16.3.2 Status Reserves,0,0,0,0,0,0,0,0,0,0,0,0,0,0,0,0,0,0,0,0,0,0,0,0,0,0,0,0,0,0,0,0,0,0,0,0,0,0,0,0,0,0,0,AKBNK
2OP,16.3.3 Olağanüstü Yedekler,16.3.3 Extraordinary Reserves,16372097000,16372097000,16372097000,16372097000,18718299000,18718299000,18718299000,18718299000,22137126000,22137126000,22137126000,22137126000,26429072000,26429072000,26429072000,26439072000,32128716000,32128713000,32128715000,32128715000,37306183000,37306183000,37306183000,37306183000,42909959000,43068048000,43068048000,43068048000,53886542000,53991428000,53991428000,53991428000,92774207000,92751523000,92776607000,92840620000,143718430000,143718430000,143718430000,143921942000,179324172000,179414247000,179433499000,AKBNK
2OR,16.3.4 Diğer Kar Yedekleri,16.3.4 Other Profit Reserves,112379000,112379000,112379000,112379000,121025000,121025000,121025000,121025000,260910000,260910000,260910000,260910000,268033000,272640000,272640000,262640000,262640000,263572000,263572000,263572000,276453000,276453000,276453000,276453000,277156000,148315000,148315000,148315000,148969000,175182000,175182000,175182000,11590174000,11612858000,11587774000,11523761000,16182791000,16191822000,16191822000,15988310000,15988310000,15943919000,15924667000,AKBNK
2OT,16.4 Kar veya Zarar,16.4 Profit or Loss,731801000,1413884000,2085530000,2994848000,1066796000,2339393000,3444017000,4820455000,1404767000,3016317000,4514847000,6039069000,1709214000,3311609000,4638843000,5689644000,1412532000,2690654000,4087953000,5417468000,1310047000,2896295000,4419094000,6267167000,2027296000,4132166000,7342714000,12125908000,8046809000,21156862000,38223316000,60024084000,10711300000,31012976000,51460469000,66478940000,13184293000,24108123000,33138650000,42366070000,13727079000,24851880000,38915968000,AKBNK
2OU,16.4.1 Geçmiş Yıllar Kar/Zararı,16.4.1 Prior Year Profit/Loss,0,0,0,0,0,0,0,0,0,0,0,0,0,0,0,0,0,0,0,0,0,0,0,0,0,0,0,0,0,0,0,0,0,0,0,0,0,0,0,0,0,0,0,AKBNK
2OV,16.4.2 Dönem Net Kar/Zararı,16.4.2 Current Year Profit/Loss,731801000,1413884000,2085530000,2994848000,1066796000,2339393000,3444017000,4820455000,1404767000,3016317000,4514847000,6039069000,1709214000,3311609000,4638843000,5689644000,1412532000,2690654000,4087953000,5417468000,1310047000,2896295000,4419094000,6267167000,2027296000,4132166000,7342714000,12125908000,8046809000,21156862000,38223316000,60024084000,10711300000,31012976000,51460469000,66478940000,13184293000,24108123000,33138650000,42366070000,13727079000,24851880000,38915968000,AKBNK
2OVA,16.5 Azınlık Payları,16.5 Minority Shares',0,0,0,0,0,0,0,0,0,0,0,0,0,0,0,0,0,0,0,0,0,0,0,0,0,0,0,0,0,0,0,0,0,0,0,0,0,0,0,0,0,0,0,AKBNK
2Z,PASİF TOPLAMI,TOTAL LIABILITIES,219187921000,221063137000,236148463000,234808988000,242436045000,247352649000,256513694000,272824693000,282980247000,292562149000,293065411000,316030868000,322354348000,340935554000,392457232000,327642125000,356833265000,344764245000,351448288000,360501112000,393932331000,414858399000,453588860000,446100801000,481130610000,497145202000,552507431000,708911295000,789045783000,922168300000,1003480579000,1075186455000,1185169058000,1434576257000,1612957984000,1789174174000,1959704440000,2180575592000,2277956968000,2515596654000,2706720796000,2818347573000,3028775669000,AKBNK
3A,I. FAİZ GELİRLERİ,I. INTEREST INCOME,3468069000,7150989000,10981361000,15104804000,4308161000,8757178000,13361471000,18018311000,5085041000,10645505000,16453870000,23094726000,6757647000,14337988000,23333726000,33514562000,8614792000,17522933000,26309903000,34508262000,8072797000,15925360000,23837453000,33456476000,9287693000,20408522000,33383669000,48802008000,19836030000,46584992000,82880703000,127815468000,35499406000,76780941000,142290333000,220590949000,95819158000,211170727000,337670158000,480072926000,140202334000,297916384000,461610498000,AKBNK
3AA,1.1 Kredilerden Alınan Faizler,1.1 Interest on Loans,2781770000,5672462000,8741217000,11991681000,3380977000,6934344000,10658004000,14537886000,4151291000,8611245000,13321915000,18423884000,5489913000,11505916000,18180674000,25167595000,6798390000,13783452000,20589549000,26851805000,5854750000,11424027000,17035814000,23229974000,6806661000,14631483000,23475882000,33535367000,12205723000,27449487000,46711235000,66507535000,21097167000,44498890000,76969956000,124974756000,59975337000,130278691000,208526263000,295053096000,88811470000,185423686000,287056357000,AKBNK
3AB,1.2 Zorunlu Karşılıklardan Alınan Faizler,1.2 Interest Received From Reserve Deposits,2856000,9793000,30369000,58992000,47956000,95560000,150613000,222852000,49458000,105686000,176905000,256456000,92176000,199781000,333057000,472136000,120363000,252067000,357618000,364578000,13689000,13689000,33344000,96440000,129025000,339828000,594499000,881784000,241175000,282414000,282414000,282414000,0,0,0,0,1874809000,8601696000,17043931000,31528387000,14319636000,31481153000,47958904000,AKBNK
3AC,1.3 Bankalardan Alınan Faizler,1.3 Interest Received From Banks,7977000,25793000,42220000,50154000,10617000,23308000,57992000,81577000,31573000,89480000,147200000,222614000,74515000,263505000,468297000,696817000,145073000,344106000,536261000,667215000,102097000,124786000,183852000,283530000,30559000,46042000,55752000,76740000,22433000,86938000,260289000,536015000,414401000,1074086000,1830965000,2638240000,860394000,1730239000,2503394000,3072712000,505240000,1112044000,1657795000,AKBNK
3AD,1.4 Para Piyasası İşlemlerinden Alınan Faizler,1.4 Interest Received From Money Market Transactions,47927000,86423000,93682000,93883000,83000,2367000,18961000,22936000,7434000,7815000,15172000,31249000,41438000,103520000,175007000,225202000,459000,73012000,138023000,212788000,46663000,51726000,94066000,542863000,67476000,93019000,96054000,143079000,81215000,106659000,154929000,192015000,149160000,654295000,1467392000,2441155000,549606000,876744000,991584000,2091739000,970891000,970891000,1519379000,AKBNK
3AE,1.5 Menkul Değerlerden Alınan Faizler,1.5 Interest Received From Marketable Securities Portfolio,620257000,1341466000,2050597000,2879319000,859735000,1685514000,2451494000,3122563000,840923000,1824195000,2782672000,4148615000,1055356000,2256743000,4162709000,6901394000,1525419000,2996071000,4589997000,6306863000,2048556000,4298692000,6470053000,9266768000,2227541000,5255007000,9095225000,14066747000,7256333000,18596242000,35370492000,60165274000,13789774000,30456042000,61791632000,90111131000,32273611000,68802508000,107338869000,146596567000,35083503000,78234591000,122444505000,AKBNK
3AF,1.5.1 Alım Satım Amaçlı  Finansal Varlıklardan,1.5.1 Trading Securities,101000,177000,231000,275000,22000,25000,25000,25000,0,0,0,0,0,0,0,0,0,0,0,0,0,0,0,0,0,0,0,0,0,0,0,0,0,0,0,0,0,0,0,0,0,0,0,AKBNK
3AG,1.5.2 Gerçeğe Uygun Değ. Sınıflandırılan FV,None,0,0,0,0,0,0,0,0,0,0,0,0,0,0,0,0,0,0,0,1058000,5590000,9108000,11792000,15133000,3502000,7691000,12265000,21365000,6047000,11075000,16980000,27487000,17532000,45499000,73001000,109579000,58621000,127859000,221248000,384670000,359427000,1789182000,3096180000,AKBNK
3AH,1.5.3 Satılmaya Hazır Finansal Varlıklardan,1.5.3 Available-for-Sale Securities,490238000,1058378000,1625076000,2291006000,703380000,1373409000,1981642000,2484574000,609269000,1332858000,2046438000,3065952000,0,0,0,0,0,0,0,0,0,0,0,0,0,0,0,0,0,0,0,0,0,0,0,0,0,0,0,0,0,0,0,AKBNK
3AJ,1.5.4 Vadeye Kadar Elde Tutulacak Yatırımlardan,1.5.4 Held to Maturity Securities,129918000,282911000,425290000,588038000,156333000,312080000,469827000,637964000,231654000,491337000,736234000,1082663000,0,0,0,0,0,0,0,0,0,0,0,0,0,0,0,0,0,0,0,0,0,0,0,0,0,0,0,0,0,0,0,AKBNK
3AK,1.6 Finansal Kiralama Gelirleri,1.6 Financial Lease Income,0,0,0,0,0,0,0,0,0,0,0,0,0,0,0,0,0,0,0,0,0,0,0,0,0,0,0,0,0,0,0,0,0,0,0,0,0,0,0,0,0,0,0,AKBNK
3AL,1.7 Diğer Faiz Gelirleri,1.7 Other Interest Income,7282000,15052000,23276000,30775000,8793000,16085000,24407000,30497000,4362000,7084000,10006000,11908000,4249000,8523000,13982000,51418000,25088000,74225000,98455000,105013000,7042000,12440000,20324000,36901000,26431000,43143000,66257000,98291000,29151000,63252000,101344000,132215000,48904000,97628000,230388000,425667000,285401000,880849000,1266117000,1730425000,511594000,694019000,973558000,AKBNK
3B,II. FAİZ GİDERLERİ,II. INTEREST EXPENSE,1804592000,3683196000,5754820000,7909944000,2444580000,4945370000,7473456000,10071770000,2698693000,5686699000,9005551000,12549749000,3658621000,7598850000,12799775000,18948434000,5241312000,10456964000,15224541000,18795325000,3093984000,6231700000,9535479000,13925781000,5438046000,11597923000,18256991000,25967296000,8788689000,19273571000,34270445000,50943763000,22554799000,53824551000,96161031000,157043770000,77089968000,175305258000,289098423000,415027991000,122327467000,261472413000,396551485000,AKBNK
3BA,2.1 Mevduata Verilen Faizler,2.1 Interst on Deposits,1367443000,2767424000,4328150000,5979397000,1867867000,3805294000,5824812000,7877903000,2145551000,4561683000,7274196000,10136612000,2885478000,5900313000,9688966000,14504876000,3955169000,7815687000,11564821000,14294413000,2201020000,4003999000,5966382000,8913962000,3669225000,7867322000,12555614000,17529660000,6080056000,13770358000,25230733000,38408677000,19151175000,46894932000,84406221000,140110230000,69964520000,156822271000,249247668000,349253032000,98096575000,213198745000,329190333000,AKBNK
3BB,2.2 Kullanılan Kredilere Verilen Faizler,2.2 Interest on Funds Borrowed,92774000,190985000,293913000,401517000,109591000,217094000,355560000,518091000,181124000,371899000,554318000,763725000,227321000,581450000,1051291000,1499445000,426086000,833345000,1176588000,1495389000,301107000,549552000,785970000,1037241000,222187000,472428000,708893000,994281000,359998000,877466000,1628679000,2598141000,1061735000,2303612000,4026575000,5951718000,1983699000,3748524000,5786187000,7498287000,1575396000,3365355000,5320290000,AKBNK
3BC,2.3 Para Piyasası İşlemlerine Verilen Faizler,2.3 Interest on Money Market Transactions,174636000,364572000,591984000,812641000,273775000,549697000,752710000,976047000,179617000,356784000,542149000,727582000,215102000,424899000,977404000,1561507000,408308000,707158000,828267000,953070000,153980000,645808000,1069671000,1639318000,996019000,2091017000,3093064000,4600231000,1173199000,2421818000,3195467000,4104135000,1076428000,2520852000,4510537000,6284921000,2829984000,10140212000,26983221000,48817277000,19804221000,38742914000,51649774000,AKBNK
3BD,2.4 İhraç Edilen Menkul Kıymetlere Verilen Faizler,2.4 Interest on Securities Issued,155279000,339120000,513472000,681358000,174948000,347565000,504697000,660434000,158143000,358232000,592410000,877811000,304582000,639299000,1078851000,1377885000,424068000,1048574000,1578472000,1949413000,329593000,791410000,1352272000,1907768000,524149000,1110251000,1812836000,2720752000,913113000,1683265000,2801301000,3605253000,879059000,1673871000,2731678000,3908075000,1344282000,3094607000,5128837000,7389566000,2727064000,5887869000,9944257000,AKBNK
3BE,2.5 Diğer Faiz Giderleri,2.5 Other Interest Expense,14460000,21095000,27301000,35031000,18399000,25720000,35677000,39295000,34258000,38101000,42478000,44019000,24538000,51288000,1661000,3119000,4603000,6099000,6610000,10321000,85068000,194618000,293278000,338925000,5468000,14754000,23202000,36773000,239256000,472241000,1336681000,2117763000,351323000,354879000,360078000,606556000,903281000,1358882000,1725511000,1739434000,8101000,32335000,61499000,AKBNK
3C,III. NET FAİZ GELİRİ/GİDERİ (I - II),III. NET INTEREST INCOME/EXPENSES (I - II),1663477000,3467793000,5226541000,7194860000,1863581000,3811808000,5888015000,7946541000,2386348000,4958806000,7448319000,10544977000,3099026000,6739138000,10533951000,14566128000,3373480000,7065969000,11085362000,15712937000,4978813000,9693660000,14301974000,19530695000,3849647000,8810599000,15126678000,22834712000,11047341000,27311421000,48610258000,76871705000,12944607000,22956390000,46129302000,63547179000,18729190000,35865469000,48571735000,65044935000,17874867000,36443971000,65059013000,AKBNK
3CA,IV. NET ÜCRET VE KOMİSYON GELİRLERİ/GİDERLERİ,IV. NET FEES AND COMMISSIONS INCOME/EXPENSES,515022000,1142825000,1750037000,2354254000,594057000,1212739000,1788582000,2397947000,632156000,1332624000,2021472000,2744763000,742716000,1594675000,2475942000,3450047000,1126299000,2268511000,3407296000,4634359000,1125870000,1963935000,2999102000,3865536000,1227840000,2397673000,3742400000,5232526000,1807235000,4091357000,6807307000,10315549000,4378092000,10396753000,19573268000,30832418000,13858439000,29859235000,48520855000,69162482000,22665971000,48467648000,81900830000,AKBNK
3CAA,4.1 Alınan Ücret ve Komisyonlar,4.1 Fees and Commissions Received,617328000,1362387000,2095684000,2821774000,705795000,1460056000,2171270000,2931626000,782322000,1643220000,2519108000,3442031000,938112000,2013722000,3171232000,4475751000,1430352000,2901679000,4419509000,5954761000,1362133000,2433708000,3720072000,4897270000,1522219000,3059282000,4862864000,6909828000,2393670000,5424875000,9143712000,13662846000,5371852000,12686547000,24152894000,38869634000,17570821000,38112327000,62031757000,88406460000,28167188000,60223355000,100173966000,AKBNK
3CAB,4.1.1 Gayri Nakdi Kredilerden,4.1.1 Non-Cash Loans,40636000,85299000,129227000,179395000,49029000,98247000,151214000,202042000,59056000,126554000,191516000,262281000,74126000,157477000,276576000,407054000,145060000,304744000,430637000,568149000,112622000,225765000,328837000,439666000,141923000,282590000,409881000,571025000,201951000,412714000,683069000,982481000,308765000,757386000,1256078000,1862472000,602043000,1256991000,1931110000,2671447000,750931000,1530279000,2357934000,AKBNK
3CAC,4.1.2 Diğer,4.1.2 Other,576692000,1277088000,1966457000,2642379000,656766000,1361809000,2020056000,2729584000,723266000,1516666000,2327592000,3179750000,863986000,1856245000,2894656000,4068697000,1285292000,2596935000,3988872000,5386612000,1249511000,2207943000,3391235000,4457604000,1380296000,2776692000,4452983000,6338803000,2191719000,5012161000,8460643000,12680365000,5063087000,11929161000,22896816000,37007162000,16968778000,36855336000,60100647000,85735013000,27416257000,58693076000,97816032000,AKBNK
3CAD,4.2 Verilen Ücret ve Komisyonlar,4.2 Fees and Commissions Paid,102306000,219562000,345647000,467520000,111738000,247317000,382688000,533679000,150166000,310596000,497636000,697268000,195396000,419047000,695290000,1025704000,304053000,633168000,1012213000,1320402000,236263000,469773000,720970000,1031734000,294379000,661609000,1120464000,1677302000,586435000,1333518000,2336405000,3347297000,993760000,2289794000,4579626000,8037216000,3712382000,8253092000,13510902000,19243978000,5501217000,11755707000,18273136000,AKBNK
3CAE,4.2.1 Gayri Nakdi Kredilere,4.2.1 Non-Cash Loans,71000,155000,238000,868000,92000,180000,238000,975000,22000,209000,336000,1338000,113000,211000,345000,1825000,141000,304000,481000,3605000,1036000,2062000,3099000,4422000,1018000,2271000,3832000,5062000,1290000,2339000,3457000,4722000,1236000,2184000,3095000,4142000,1037000,2374000,3791000,5458000,3301000,12771000,22445000,AKBNK
3CAF,4.2.2 Diğer,4.2.2 Others,102235000,219407000,345409000,466652000,111646000,247137000,382450000,532704000,150144000,310387000,497300000,695930000,195283000,418836000,694945000,1023879000,303912000,632864000,1011732000,1316797000,235227000,467711000,717871000,1027312000,293361000,659338000,1116632000,1672240000,585145000,1331179000,2332948000,3342575000,992524000,2287610000,4576531000,8033074000,3711345000,8250718000,13507111000,19238520000,5497916000,11742936000,18250691000,AKBNK
3CB,V. TEMETTÜ GELİRLERİ,V. DIVIDEND INCOME,12827000,13336000,13336000,13337000,656000,656000,656000,715000,907000,1821000,1822000,1822000,1333000,3050000,4405000,4601000,3993000,5403000,6059000,6509000,235000,3724000,3724000,4763000,3808000,4177000,4550000,5246000,8650000,13365000,14440000,32338000,1134000,2603000,14968000,17804000,2506000,25437000,29977000,33103000,3354000,45332000,56984000,AKBNK
3CC,VI. TİCARİ KAR / ZARAR (Net),VI. NET TRADING INCOME,93471000,73283000,74854000,54812000,42817000,285049000,560773000,947449000,-743000,-131062000,-222889000,-427734000,-143513000,-158042000,485321000,-335589000,293590000,20670000,-513430000,-709511000,-433651000,-86912000,979664000,-618777000,620404000,97118000,-1275695000,6449208000,3112338000,8183828000,11390391000,15059509000,5647979000,25859017000,35063054000,37117589000,-306767000,-3323709000,-2580067000,-1356377000,5981431000,3667667000,-4582881000,AKBNK
3CCA,6.1 Sermaye Piyasası İşlemleri Karı/Zararı,6.1 Profit/Losses on Trading Account Securities,166624000,205786000,197197000,211903000,26242000,157570000,213931000,156720000,32336000,139355000,216372000,192292000,-742000,-28500000,-1077626000,-1105607000,64633000,80802000,168859000,278136000,-17943000,282856000,317792000,403345000,145653000,297578000,429095000,660783000,148939000,682074000,778440000,851571000,1830604000,2975857000,3100065000,4838341000,2269850000,5211173000,6751965000,8837430000,2229007000,4322667000,6233809000,AKBNK
3CCB,6.2 Türev Finansal İşlemlerden Kar/Zarar,6.2 Profit/Losses on Derivative Financial Trades,162137000,-236069000,69408000,-529940000,-98690000,-38223000,471297000,1089735000,-329658000,-479130000,246731000,-938962000,779250000,1802735000,7142337000,5051575000,2670866000,2818601000,2066793000,1513909000,401928000,49600000,3369979000,-4067523000,5781195000,-527185000,-2972132000,-841552000,-4764036000,-6432513000,-10248469000,-12860617000,1639633000,24288178000,5626408000,2405264000,-2751510000,-28749777000,-24526701000,-34580822000,11645532000,3462508000,3781544000,AKBNK
3CCC,6.3 Kambiyo İşlemleri Karı/Zararı,6.3 Foreign Exchange Profit/Losses,-235290000,103566000,-191751000,372849000,115265000,165702000,-124455000,-299006000,296579000,208713000,-685992000,318936000,-922021000,-1932277000,-5579390000,-4281557000,-2441909000,-2878733000,-2749082000,-2501556000,-817636000,-419368000,-2708107000,3045401000,-5306444000,326725000,1267342000,6629977000,7727435000,13934267000,20860420000,27068555000,2177742000,-1405018000,26336581000,29873984000,174893000,20214895000,15194669000,24387015000,-7893108000,-4117508000,-14598234000,AKBNK
3CD,VII. DİĞER FAALİYET GELİRLERİ,VII. OTHER OPERATING INCOME,261066000,423490000,516971000,603839000,282571000,652446000,774010000,879996000,235837000,446848000,591763000,1262507000,294519000,692950000,799681000,985899000,207513000,365665000,550009000,818844000,381821000,589629000,895996000,1373338000,752895000,1228165000,1594277000,2244262000,909159000,2000847000,2749771000,3735599000,1428285000,2291195000,3063939000,6137938000,4140906000,6396387000,9857023000,11132073000,2685587000,4037412000,5253132000,AKBNK
3CE,VIII. FAALİYET GELİRLERİ/GİDERLERİ TOPLAMI (III+IV+V+VI+VII),VIII. TOTAL OPERATING INCOME/EXPENSES (III+IV+V+VI+VII),2545863000,5120727000,7581739000,10221102000,2783682000,5962698000,9012036000,12172648000,3254505000,6609037000,9840487000,14126335000,3994081000,8871771000,14299300000,18671086000,5004875000,9726218000,14535296000,20463138000,6053088000,12164036000,19180460000,24155555000,6454594000,12537732000,19192210000,36765954000,16884723000,41600818000,69572167000,106014700000,24400097000,61505958000,103844531000,137652928000,36424274000,68822819000,104399523000,144016216000,49211210000,92662030000,147687078000,AKBNK
3CF,IX. KREDİ VE DİĞER ALACAKLAR DEĞER DÜŞÜŞ KARŞILIĞI (-),IX. PROVISIONS FOR LOAN LOSSES OR OTHER RECEIVABLES,554689000,1184728000,1774384000,2179616000,529433000,1028497000,1562984000,2215920000,460243000,811937000,1166457000,2313232000,698162000,2444383000,4794575000,6470543000,1761168000,3457357000,5047537000,7753206000,2562541000,5125157000,8508227000,9479853000,2384179000,3795019000,4364067000,12931159000,3780292000,7727834000,9193730000,10689969000,3322838000,7737393000,10685861000,15731345000,4272502000,8242110000,15092471000,23482252000,9641923000,18239523000,31275520000,AKBNK
3CG,X. DİĞER FAALİYET GİDERLERİ (-),X. OTHER OPERATING EXPENSES (-),1045546000,2122663000,3144654000,4213815000,1012088000,2037407000,3138922000,4279941000,1097065000,2228175000,3366841000,4661609000,764319000,1587173000,2420048000,3406449000,960763000,1915744000,2913704000,3959397000,1191951000,2252571000,3503525000,4842876000,1214084000,2499042000,3889026000,6051897000,2107575000,4677560000,7761927000,12800004000,6699805000,13299940000,20226344000,29135099000,11119117000,23472545000,36977820000,51461442000,16407539000,33462393000,51110540000,AKBNK
3CH,XI. NET FAALİYET KARI/ZARARI (VIII-IX-X),XI. NET OPERATING INCOME (IX-X-XI),945628000,1813336000,2662701000,3827671000,1242161000,2896794000,4310130000,5676787000,1697197000,3568925000,5307189000,7151494000,1996358000,3813403000,5517296000,6670897000,1645353000,3060105000,4635633000,6160964000,1538372000,3334144000,5032093000,6989086000,2105419000,4673412000,8524848000,14508623000,9734874000,26706795000,48403696000,76186667000,11321282000,34555103000,62341994000,77146484000,13816733000,23228216000,31339621000,40251338000,15026515000,24140549000,38639761000,AKBNK
3CI,XII. BİRLEŞME İŞLEMİ SONRASINDA GELİR OLARAK KAYDEDİLEN FAZLALIK TUTARI,XII. SURPLUS WRITTEN AS GAIN AFTER MERGER,0,0,0,0,0,0,0,0,0,0,0,0,0,0,0,0,0,0,0,0,0,0,0,0,0,0,0,0,0,0,0,0,0,0,0,0,0,0,0,0,0,0,0,AKBNK
3CJ,XIII. ÖZKAYNAK YÖNTEMİ UYGULANAN ORTAKLIKLARDAN KAR/ZARAR,XIII. PROFIT/LOSSES FROM ASSOCIATES AND SUBSIDIARIES,0,0,0,0,163139000,163139000,256195000,347546000,98677000,174971000,289840000,365117000,119170000,225985000,279872000,304959000,151261000,325877000,493858000,640370000,174485000,386620000,646595000,956126000,344050000,680187000,1013888000,1557517000,696281000,1422380000,2209610000,3073735000,1339531000,3208762000,5344592000,7299426000,2138752000,4567283000,6984670000,9635626000,2445705000,5161781000,8014195000,AKBNK
3CK,XIV. NET PARASAL POZİSYON KARI/ZARARI,XIV. NET MONETORY POSITION GAIN/LOSS,0,0,0,0,0,0,0,0,0,0,0,0,0,0,0,0,0,0,0,0,0,0,0,0,0,0,0,0,0,0,0,0,0,0,0,0,0,0,0,0,0,0,0,AKBNK
3CL,XV. SÜRDÜRÜLEN FAALİYETLER VERGİ ÖNCESİ K/Z (XI+XII+XIII+XIV),XV. PROFIT/LOSS BEFORE TAXES FROM CONTINUING OPERATIONS (XI+XII+XIII+XIV),945628000,1813336000,2662701000,3827671000,1405300000,3059933000,4566325000,6024333000,1795874000,3743896000,5597029000,7516611000,2115528000,4039388000,5797168000,6975856000,1796614000,3385982000,5129491000,6801334000,1712857000,3720764000,5678688000,7945212000,2449469000,5353599000,9538736000,16066140000,10431155000,28129175000,50613306000,79260402000,12660813000,37763865000,67686586000,84445910000,15955485000,27795499000,38324291000,49886964000,17472220000,29302330000,46653956000,AKBNK
3CM,XVI. SÜRDÜRÜLEN FAALİYETLER VERGİ KARŞILIĞI (±),XVI. PROVISION FOR TAXES ON INCOME FROM CONTINUING OPERATIONS (±),213827000,399452000,577171000,832823000,257889000,580314000,900482000,1203878000,347238000,727579000,1082182000,1477542000,406314000,727779000,1158325000,1286212000,384082000,695328000,1041538000,1383866000,402810000,824469000,1259594000,1678045000,422173000,1221433000,2196022000,3940232000,2384346000,6972313000,12389990000,19236318000,1949513000,6750889000,16226117000,17966970000,2771192000,3687376000,5185641000,7520894000,3745141000,4450450000,7737988000,AKBNK
3CMA,16.1 Cari Vergi Karşılığı,16.1 Current Tax Provision,147092000,359223000,482203000,806798000,245072000,592185000,792451000,956572000,405652000,669251000,803331000,1436074000,223705000,495670000,729203000,818761000,0,371104000,1006743000,1609738000,214029000,1097654000,643346000,2061984000,0,836368000,2009089000,2969973000,10489040000,3449177000,11718865000,19823331000,2838517000,0,5768096000,11873408000,0,5438646000,1150521000,4147642000,0,1570817000,2184782000,AKBNK
3CMB,16.2 Ertelenmiş Vergi Karşılığı,16.2 Deferred Tax Provision,66735000,40229000,94968000,26025000,12817000,-11871000,108031000,247306000,-58414000,58328000,278851000,41468000,182609000,232109000,429122000,467451000,384082000,324224000,34795000,-225872000,188781000,-273185000,616248000,-383939000,422173000,385065000,186933000,970259000,-8104694000,3523136000,671125000,-587013000,-889004000,6750889000,10458021000,6093562000,2771192000,-1751270000,4035120000,3373252000,3745141000,2879633000,5553206000,AKBNK
3CN,XVII. SÜRDÜRÜLEN FAALİYETLER DÖNEM NET K/Z (XV±XVI),XVII. NET PROFIT/LOSS FROM CONTINUING OPERATIONS (XV±XVI),731801000,1413884000,2085530000,2994848000,1147411000,2479619000,3665843000,4820455000,1448636000,3016317000,4514847000,6039069000,1709214000,3311609000,4638843000,5689644000,1412532000,2690654000,4087953000,5417468000,1310047000,2896295000,4419094000,6267167000,2027296000,4132166000,7342714000,12125908000,8046809000,21156862000,38223316000,60024084000,10711300000,31012976000,51460469000,66478940000,13184293000,24108123000,33138650000,42366070000,13727079000,24851880000,38915968000,AKBNK
3CO,XVIII. DURDURULAN FAALİYETLERDEN GELİRLER,XVIII. INCOME FROM TERMINATED OPERATIONS,0,0,0,0,0,0,0,0,0,0,0,0,0,0,0,0,0,0,0,0,0,0,0,0,0,0,0,0,0,0,0,0,0,0,0,0,0,0,0,0,0,0,0,AKBNK
3COA,18.1 Satış Amaçlı Elde Tutulan Duran Varlık Gelirleri,18.1 Property And Equipment Income Held For Sale,0,0,0,0,0,0,0,0,0,0,0,0,0,0,0,0,0,0,0,0,0,0,0,0,0,0,0,0,0,0,0,0,0,0,0,0,0,0,0,0,0,0,0,AKBNK
3COB,"18.2 İştirak, Bağlı Ortaklık ve Bir.",None,0,0,0,0,0,0,0,0,0,0,0,0,0,0,0,0,0,0,0,0,0,0,0,0,0,0,0,0,0,0,0,0,0,0,0,0,0,0,0,0,0,0,0,AKBNK
3COC,18.3 Diğer Durdurulan Faaliyet Gelirleri,18.3 Other Income From Terminated Operations,0,0,0,0,0,0,0,0,0,0,0,0,0,0,0,0,0,0,0,0,0,0,0,0,0,0,0,0,0,0,0,0,0,0,0,0,0,0,0,0,0,0,0,AKBNK
3CP,XIX. DURDURULAN FAALİYETLERDEN GİDERLER (-),XIX. EXPENSES FROM TERMINATED OPERATIONS (-),0,0,0,0,0,0,0,0,0,0,0,0,0,0,0,0,0,0,0,0,0,0,0,0,0,0,0,0,0,0,0,0,0,0,0,0,0,0,0,0,0,0,0,AKBNK
3CPA,19.1 Satış Amaçlı Elde Tutulan Duran Varlık Giderleri,19.1 Property And Equipment Expense Held For Sale,0,0,0,0,0,0,0,0,0,0,0,0,0,0,0,0,0,0,0,0,0,0,0,0,0,0,0,0,0,0,0,0,0,0,0,0,0,0,0,0,0,0,0,AKBNK
3CPB,"19.2 İştirak, Bağlı Ortaklık ve Bir. Satış Zararları",None,0,0,0,0,0,0,0,0,0,0,0,0,0,0,0,0,0,0,0,0,0,0,0,0,0,0,0,0,0,0,0,0,0,0,0,0,0,0,0,0,0,0,0,AKBNK
3CPC,19.3 Diğer Durdurulan Faaliyet Giderleri,19.3 Other Expenses From Terminated Operations,0,0,0,0,0,0,0,0,0,0,0,0,0,0,0,0,0,0,0,0,0,0,0,0,0,0,0,0,0,0,0,0,0,0,0,0,0,0,0,0,0,0,0,AKBNK
3CR,XX. DURDURULAN FAALİYETLER VERGİ ÖNCESİ K/Z (XVIII-XIX),XX. PROFIT/LOSS BEFORE TAXES FROM TERMINATED OPERATIONS (XVIII-XIX),0,0,0,0,0,0,0,0,0,0,0,0,0,0,0,0,0,0,0,0,0,0,0,0,0,0,0,0,0,0,0,0,0,0,0,0,0,0,0,0,0,0,0,AKBNK
3CS,XXI. DURDURULAN FAALİYETLER VERGİ KARŞILIĞI (±),XXI. PROVISION FOR TAXES ON INCOME FROM TERMINATED OPERATIONS (±),0,0,0,0,0,0,0,0,0,0,0,0,0,0,0,0,0,0,0,0,0,0,0,0,0,0,0,0,0,0,0,0,0,0,0,0,0,0,0,0,0,0,0,AKBNK
3CSA,21.1 Cari Vergi Karşılığı,21.1 Current Tax Provision,0,0,0,0,0,0,0,0,0,0,0,0,0,0,0,0,0,0,0,0,0,0,0,0,0,0,0,0,0,0,0,0,0,0,0,0,0,0,0,0,0,0,0,AKBNK
3CSB,21.2 Ertelenmiş Vergi Karşılığı,21.2 Deferred Tax Provision,0,0,0,0,0,0,0,0,0,0,0,0,0,0,0,0,0,0,0,0,0,0,0,0,0,0,0,0,0,0,0,0,0,0,0,0,0,0,0,0,0,0,0,AKBNK
3CT,XXII. DURDURULAN FAALİYETLER DÖNEM NET K/Z (XX±XXI),XXII. NET PROFIT/LOSS FROM TERMINATED OPERATIONS (XX±XXI),0,0,0,0,0,0,0,0,0,0,0,0,0,0,0,0,0,0,0,0,0,0,0,0,0,0,0,0,0,0,0,0,0,0,0,0,0,0,0,0,0,0,0,AKBNK
3D,DİĞER KAR/ZARAR,OTHER PROFIT/LOSS,0,0,0,0,0,0,0,0,0,0,0,0,0,0,0,0,0,0,0,0,0,0,0,0,0,0,0,0,0,0,0,0,0,0,0,0,0,0,0,0,0,0,0,AKBNK
3Z,XXIII. NET DÖNEM KARI/ZARARI (XVII+XXII),XXIII. NET PROFIT/LOSSES (XVII+XXII),731801000,1413884000,2085530000,2994848000,1147411000,2479619000,3665843000,4820455000,1448636000,3016317000,4514847000,6039069000,1709214000,3311609000,4638843000,5689644000,1412532000,2690654000,4087953000,5417468000,1310047000,2896295000,4419094000,6267167000,2027296000,4132166000,7342714000,12125908000,8046809000,21156862000,38223316000,60024084000,10711300000,31012976000,51460469000,66478940000,13184293000,24108123000,33138650000,42366070000,13727079000,24851880000,38915968000,AKBNK
3ZA,23.1 Grubun Karı/Zararı,23.1. Group's Profit/Losses,731801000,1413884000,2085530000,2994848000,1147411000,2479619000,3665843000,4820455000,1448636000,3016317000,4514847000,6039069000,1709214000,3311609000,4638843000,5689644000,1412532000,2690654000,4087953000,5417468000,1310047000,2896295000,4419094000,6267167000,2027296000,4132166000,7342714000,12125908000,8046809000,21156862000,38223316000,60024084000,10711300000,31012976000,51460469000,66478940000,13184293000,24108123000,33138650000,42366070000,13727079000,24851880000,38915968000,AKBNK
3ZB,23.2 Azınlık Hakları Karı/Zararı (-),23.2. Minority Shares' Profits/Losses,0,0,0,0,0,0,0,0,0,0,0,0,0,0,0,0,0,0,0,0,0,0,0,0,0,0,0,0,0,0,0,0,0,0,0,0,0,0,0,0,0,0,0,AKBNK
3ZC,Hisse Başına Kar/Zarar,Earnings/Losses Per Share,0,0,0,0,0,0,0,0,0,1,1,0,0,0,0,0,0,0,0,0,0,0,0,0,0,0,0,0,0,0,0,0,0,0,0,0,0,0,0,0,0,0,0,AKBNK
