entry_date,symbol,weight,entry,exit,stop_hit,return
2025-01-02,KFEIN,0.2,8.5598,8.5847,False,0.0029089464707119372
2025-01-02,KARTN,0.1770590612900312,94.8,95.65,False,0.008966244725738592
2025-01-02,QUAGR,0.2,3.24,3.28,False,0.012345679012345512
2025-01-02,TEZOL,0.19637599323394542,15.5936,15.7625,False,0.010831366714549429
2025-01-02,OYAKC,0.13538048005123124,22.9563,22.4602,False,-0.021610625405661943
2025-01-06,KFEIN,0.2,8.8739,9.0733,False,0.022470390696311515
2025-01-06,KARTN,0.2,96.3,96.0,False,-0.0031152647975077885
2025-01-06,TRENJ,0.1322668778874128,52.3,53.15,False,0.016252390057361454
2025-01-06,OYAKC,0.15504096294057412,21.8114,21.7923,False,-0.000875688859953927
2025-01-06,CIMSA,0.15682440519160776,44.8801,44.8604,False,-0.0004389473285487666
2025-01-07,KARTN,0.2,96.0,94.25,False,-0.01822916666666663
2025-01-07,KFEIN,0.2,9.0733,8.8689,False,-0.02252763603099195
2025-01-07,OYAKC,0.14657639706688333,21.7923,22.0404,False,0.011384755165815497
2025-01-07,CIMSA,0.2,44.8604,44.1295,False,-0.016292766002978132
2025-01-07,TRENJ,0.130609244086002,53.15,54.95,False,0.033866415804327366
2025-01-08,KARTN,0.1993669751871743,94.25,103.6,False,0.09920424403183015
2025-01-08,CIMSA,0.2,44.1295,45.9666,False,0.041629748807487044
2025-01-08,OYAKC,0.1270937830163881,22.0404,22.4029,False,0.016447069926135427
2025-01-08,KFEIN,0.2,8.8689,9.4372,False,0.06407784505406533
2025-01-08,TCELL,0.2,94.8625,94.3238,False,-0.005678745552773701
2025-01-09,OYAKC,0.14999341870163607,22.4029,22.8037,False,0.017890540956751133
2025-01-09,TCELL,0.2,94.3238,93.6871,False,-0.006750152135516219
2025-01-09,CIMSA,0.2,45.9666,46.2234,False,0.005586665100312027
2025-01-09,KARTN,0.16152605455399224,103.6,113.9,False,0.0994208494208495
2025-01-09,SNGYO,0.19209263002603374,2.93,3.0,False,0.023890784982935065
2025-01-13,SMART,0.2,28.22,28.06,False,-0.005669737774627981
2025-01-13,HLGYO,0.14687567817246086,2.4877,2.459,False,-0.011536760863448015
2025-01-13,TCELL,0.2,92.7077,93.2464,False,0.0058107363250301525
2025-01-13,KFEIN,0.17723947637265378,9.163,9.3176,False,0.016872203426825383
2025-01-13,OYAKC,0.17960968550769565,22.8418,23.3571,False,0.0225595180765088
2025-01-14,TCELL,0.2,93.2464,93.932,False,0.007352562672660934
2025-01-14,HLGYO,0.14287338042709652,2.459,2.4685,False,0.0038633590890606584
2025-01-14,SMART,0.2,28.06,28.22,False,0.005702066999287325
2025-01-14,KFEIN,0.17245161244747223,9.3176,9.4472,False,0.013909161157379613
2025-01-14,TTKOM,0.2,44.72,44.72,False,0.0
2025-01-15,KRDMA,0.12926864029842122,27.9,28.76,False,0.030824372759856722
2025-01-15,SMART,0.2,28.22,28.26,False,0.0014174344436570507
2025-01-15,TTKOM,0.18310243477589674,44.72,45.7,False,0.021914132379248663
2025-01-15,ASELS,0.2,78.3,80.25,False,0.02490421455938696
2025-01-16,KRDMA,0.1370293217151399,28.76,28.6,False,-0.0055632823365785455
2025-01-16,ASELS,0.2,80.25,81.05,False,0.009968847352024968
2025-01-16,SMART,0.2,28.26,28.28,False,0.0007077140835103357
2025-01-16,TTKOM,0.1818518681947599,45.7,46.22,False,0.011378555798686962
2025-01-16,HLGYO,0.15792800976578178,2.5164,2.5355,False,0.00759020823398493
2025-01-20,KRDMA,0.1433880067120985,28.54,28.4,False,-0.004905395935529078
2025-01-20,ASELS,0.2,82.35,80.65,False,-0.02064359441408603
2025-01-20,TTKOM,0.18499392342118817,46.4,46.26,False,-0.0030172413793103647
2025-01-20,TCELL,0.17115909667344797,97.654,99.9068,False,0.023069203514449077
2025-01-20,AKCNS,0.2,179.0753,181.3909,False,0.012930873213670369
2025-01-21,KRDMA,0.1616403416893254,28.4,29.32,False,0.032394366197183055
2025-01-21,ASELS,0.2,80.65,82.0,False,0.01673899566026038
2025-01-21,HLGYO,0.17630762265582609,2.4781,2.4972,False,0.007707517856422319
2025-01-21,TCELL,0.2,99.9068,102.8453,False,0.029412412368327256
2025-01-21,EKGYO,0.16966778450321743,14.3419,14.4295,False,0.006107977325179981
2025-01-22,ASELS,0.2,82.0,84.05,False,0.02499999999999991
2025-01-22,KRDMA,0.14349820104246555,29.32,30.08,False,0.02592087312414737
2025-01-22,TCELL,0.19579061044871746,102.8453,104.0206,False,0.01142784356698856
2025-01-22,EKGYO,0.15934581278786747,14.4295,14.1082,False,-0.022266883814408
2025-01-22,MGROS,0.2,555.6049,546.304,False,-0.016740133141374458
2025-01-23,KRDMA,0.1437893170092435,30.08,29.6,False,-0.015957446808510523
2025-01-23,ASELS,0.2,84.05,85.15,False,0.013087447947650377
2025-01-23,BIMAS,0.2,507.012,506.0275,False,-0.0019417686366398623
2025-01-23,TCELL,0.1865342860435361,104.0206,104.2165,False,0.0018832808116853172
2025-01-23,CEMTS,0.15686783561593484,9.1958,9.235,False,0.004262815633223838
2025-01-27,KRDMA,0.19508577125561127,29.9,31.32,False,0.047491638795986724
2025-01-27,TEZOL,0.15902763625847818,15.8718,16.3191,False,0.02818205874569979
2025-01-27,CEMTS,0.18864830581126327,9.0487,8.9899,False,-0.006498171007990106
2025-01-27,BIMAS,0.2,497.6593,514.3956,False,0.03363003564888656
2025-01-27,TKFEN,0.11232392833617243,63.55,64.0,False,0.007081038552321006
2025-01-28,PAPIL,0.17985291189958266,12.68,12.58,False,-0.007886435331230235
2025-01-28,KRDMA,0.19111824989462362,31.32,33.0,False,0.05363984674329503
2025-01-28,TKFEN,0.12670048212120702,64.0,63.0,False,-0.015625
2025-01-28,CEMTS,0.2,8.9899,8.8526,False,-0.015272694913180285
2025-01-28,CLEBI,0.2,1795.8048,1821.405,False,0.014255558287849635
2025-01-29,PAPIL,0.2,12.58,12.31,False,-0.021462639109697923
2025-01-29,TKFEN,0.15006037852737386,63.0,64.2,False,0.019047619047619202
2025-01-29,TRALT,0.19685323977973074,22.78,22.7,False,-0.00351185250219499
2025-01-29,CEMTS,0.2,8.8526,8.8428,False,-0.0011070194067279715
2025-01-29,KRDMA,0.17850677986054708,33.0,33.6,False,0.0181818181818183
2025-01-30,PAPIL,0.19061207145902695,12.31,12.07,False,-0.019496344435418367
2025-01-30,TKFEN,0.2,64.2,63.75,False,-0.007009345794392607
2025-01-30,CEMTS,0.2,8.8428,8.8036,False,-0.004432985027366998
2025-01-30,TUREX,0.10390898654835398,14.49,15.3,False,0.05590062111801242
2025-01-30,CLEBI,0.2,1836.5756,1823.3014,False,-0.007227690490933192
2025-02-03,PAPIL,0.16813138019010698,11.8,11.81,False,0.0008474576271186862
2025-02-03,BIOEN,0.2,14.2,14.17,False,-0.0021126760563380254
2025-02-03,MAGEN,0.12753608405619302,9.032,9.128,False,0.010628875110717528
2025-02-03,ENKAI,0.19512911218724954,44.5709,45.447,False,0.019656322847418473
2025-02-03,TKFEN,0.17621860844032555,63.2,63.1,False,-0.0015822784810126667
2025-02-04,BIOEN,0.2,14.17,14.29,False,0.008468595624558928
2025-02-04,PAPIL,0.1550456438889972,11.81,11.7,False,-0.009314140558848494
2025-02-04,TKFEN,0.17746474696479028,63.1,59.65,True,-0.050000000000000044
2025-02-04,MAGEN,0.19064979505720114,9.128,9.16,False,0.0035056967572304476
2025-02-04,ENKAI,0.1729390765831702,45.447,45.028,False,-0.00921953044205348
2025-02-05,TKFEN,0.16013644397818702,59.65,60.5,False,0.014249790444258226
2025-02-05,PAPIL,0.17068622054554702,11.7,12.22,False,0.04444444444444451
2025-02-05,CLEBI,0.19118883515475535,1829.9385,1887.7759,False,0.031606198787554884
2025-02-05,ENKAI,0.18176041020576492,45.028,45.9042,False,0.0194590032868438
2025-02-05,BIOEN,0.2,14.29,14.82,False,0.037088873337998596
2025-02-06,TKFEN,0.18395912838583353,60.5,62.5,False,0.03305785123966931
2025-02-06,CLEBI,0.2,1887.7759,1918.1168,False,0.016072299683452806
2025-02-06,PAPIL,0.17287661052141967,12.22,12.44,False,0.018003273322422242
2025-02-06,ENKAI,0.2,45.9042,47.0089,False,0.02406533606946626
2025-02-06,MAGEN,0.2,9.36,9.08,False,-0.029914529914529808
2025-02-10,BMSCH,0.16121297174253263,10.2481,10.0821,False,-0.016198124530400815
2025-02-10,MAGEN,0.2,9.192,9.104,False,-0.009573542210618013
2025-02-10,TKFEN,0.19036489795291736,64.55,65.65,False,0.017041053446940513
2025-02-10,ASELS,0.2,81.55,81.75,False,0.002452483139178563
2025-02-10,SNGYO,0.2,2.9,2.87,False,-0.010344827586206806
2025-02-11,BMSCH,0.14342908061868184,10.0821,9.678,False,-0.04008093551938585
2025-02-11,MAGEN,0.2,9.104,9.216,False,0.012302284710017597
2025-02-11,SNGYO,0.2,2.87,2.87,False,0.0
2025-02-11,TKFEN,0.1820666224975272,65.65,67.6,False,0.029702970297029507
2025-02-11,CEMTS,0.2,9.0879,9.0193,False,-0.007548498553021088
2025-02-12,BMSCH,0.15493201505861065,9.678,9.9595,False,0.029086588138044878
2025-02-12,ASELS,0.18081192915773125,78.1,79.65,False,0.01984635083226638
2025-02-12,SNGYO,0.2,2.87,2.88,False,0.0034843205574912606
2025-02-12,MAGEN,0.2,9.216,9.336,False,0.013020833333333481
2025-02-12,OYAKC,0.17174089403177528,24.1394,24.2349,False,0.0039561878091418645
2025-02-13,ASELS,0.17410814350634313,79.65,79.3,False,-0.004394224733207941
2025-02-13,SNGYO,0.2,2.88,2.93,False,0.01736111111111116
2025-02-13,MAGEN,0.2,9.336,9.984,False,0.06940874035989708
2025-02-13,TKFEN,0.1891425938462152,67.5,68.4,False,0.01333333333333342
2025-02-17,ASELS,0.16770172726732033,80.7,84.0,False,0.040892193308550207
2025-02-17,SNGYO,0.2,2.96,3.0,False,0.013513513513513598
2025-02-17,TKFEN,0.1878105780049401,68.3,68.0,False,-0.004392386530014614
2025-02-17,PAPIL,0.13698467436488188,13.47,13.5,False,0.00222717149220486
2025-02-17,AKFGY,0.2,1.94,1.92,False,-0.010309278350515427
2025-02-18,ASELS,0.15997957157298873,84.0,83.8,False,-0.0023809523809523725
2025-02-18,PAPIL,0.1392045345237268,13.5,13.1,False,-0.029629629629629672
2025-02-18,SNGYO,0.2,3.0,2.92,False,-0.026666666666666727
2025-02-18,AKFGY,0.2,1.92,1.89,False,-0.015625
2025-02-18,TKFEN,0.19118882605353732,68.0,68.5,False,0.007352941176470562
2025-02-19,ASELS,0.1512467503085637,83.8,84.1,False,0.0035799522673030104
2025-02-19,PAPIL,0.12758353616301082,13.1,13.33,False,0.017557251908397076
2025-02-19,SNGYO,0.2,2.92,2.99,False,0.023972602739726234
2025-02-19,DOAS,0.2,163.456,162.7511,False,-0.004312475528582493
2025-02-19,HUNER,0.2,3.27,3.32,False,0.015290519877675823
2025-02-20,PAPIL,0.11826747062600311,13.33,13.1,False,-0.017254313578394576
2025-02-20,ASELS,0.14559497514568961,84.1,82.75,False,-0.016052318668251964
2025-02-20,OTKAR,0.2,398.75,390.0,False,-0.021943573667711602
2025-02-20,DOAS,0.2,162.7511,162.8392,False,0.0005413173858732634
2025-02-20,HUNER,0.2,3.32,3.24,False,-0.02409638554216853
2025-02-24,PAPIL,0.13128491039593043,12.79,12.3,False,-0.03831118060985128
2025-02-24,ASELS,0.1643501084720581,83.75,81.0,False,-0.032835820895522394
2025-02-24,DOAS,0.2,160.372,151.6484,True,-0.050000000000000155
2025-02-24,HUNER,0.2,3.31,3.23,False,-0.024169184290030232
2025-02-24,TKFEN,0.18146412660110836,69.2,69.0,False,-0.0028901734104046506
2025-02-25,PAPIL,0.12927714078084163,12.3,12.46,False,0.01300813008130075
2025-02-25,ASELS,0.17766003763939095,81.0,86.0,False,0.06172839506172845
2025-02-25,DOAS,0.2,151.6484,150.3267,False,-0.008715555192141955
2025-02-25,HUNER,0.2,3.23,3.22,False,-0.003095975232198067
2025-02-25,MIATK,0.2,31.52,31.22,False,-0.009517766497461944
2025-02-26,PAPIL,0.1423159312873115,12.46,13.7,False,0.09951845906902079
2025-02-26,DOAS,0.2,150.3267,155.878,False,0.03692823696655356
2025-02-26,ASELS,0.16266189550482232,86.0,90.0,False,0.04651162790697683
2025-02-26,TKFEN,0.2,68.85,71.0,False,0.031227305737109745
2025-02-26,MIATK,0.2,31.22,31.82,False,0.019218449711723373
2025-02-27,PAPIL,0.12663391861355094,13.7,13.73,False,0.0021897810218978186
2025-02-27,DOAS,0.2,155.878,152.4415,False,-0.02204608732470259
2025-02-27,ASELS,0.1654966340155311,90.0,93.45,False,0.03833333333333333
2025-02-27,TKFEN,0.2,71.0,70.4,False,-0.00845070422535199
2025-02-27,MIATK,0.2,31.82,32.2,False,0.011942174732872513
2025-03-03,TKFEN,0.2,71.65,70.0,False,-0.023028611304954705
2025-03-03,PAPIL,0.12575982983859094,14.49,15.93,False,0.0993788819875776
2025-03-03,QUAGR,0.2,3.34,3.32,False,-0.005988023952095856
2025-03-03,TUKAS,0.19752050044037472,1.9,1.84,False,-0.03157894736842093
2025-03-03,KFEIN,0.18019228437688461,9.3525,9.1231,False,-0.024528201015771023
2025-03-04,TKFEN,0.1988771387294748,70.0,73.45,False,0.04928571428571438
2025-03-04,PAPIL,0.10481212105696237,15.93,17.52,False,0.09981167608286245
2025-03-04,QUAGR,0.2,3.32,3.47,False,0.04518072289156638
2025-03-04,TUKAS,0.18001597480510903,1.84,1.87,False,0.016304347826086918
2025-03-04,ENKAI,0.19529957739339004,46.0375,48.3803,False,0.05088894922617415
2025-03-05,TKFEN,0.2,73.45,75.75,False,0.03131381892443841
2025-03-05,PAPIL,0.09875232656095073,17.52,19.27,False,0.09988584474885842
2025-03-05,QUAGR,0.2,3.47,3.53,False,0.01729106628242061
2025-03-05,TUKAS,0.1953211207537612,1.87,1.93,False,0.03208556149732611
2025-03-05,ENKAI,0.1797114301990192,48.3803,50.9517,False,0.05314973243241572
2025-03-06,TKFEN,0.2,75.75,74.8,False,-0.012541254125412626
2025-03-06,PAPIL,0.09879001061661673,19.27,18.67,True,-0.050000000000000044
2025-03-06,TUREX,0.1556314756064811,16.27,16.58,False,0.01905347264904722
2025-03-06,QUAGR,0.2,3.53,3.57,False,0.011331444759206777
2025-03-06,TUKAS,0.19830028027185928,1.93,1.98,False,0.02590673575129543
2025-03-10,TKFEN,0.2,78.6,81.65,False,0.038804071246819394
2025-03-10,TUREX,0.2,16.78,16.93,False,0.008939213349225206
2025-03-10,PAPIL,0.1206305666626343,20.52,22.56,False,0.09941520467836251
2025-03-10,CLEBI,0.17723004038373946,2110.5923,2165.5852,False,0.026055671670933478
2025-03-10,ASELS,0.19860844665773394,110.3,117.0,False,0.06074342701722579
2025-03-11,TKFEN,0.2,81.65,85.95,False,0.05266380894060019
2025-03-11,TUREX,0.17172896445160643,16.93,17.4,False,0.027761370348493797
2025-03-11,QUAGR,0.2,3.69,3.87,False,0.04878048780487809
2025-03-11,PAPIL,0.09348197569464137,22.56,22.3,False,-0.011524822695035408
2025-03-11,ENKAI,0.18893642043650505,52.6184,52.3327,False,-0.005429659586760449
2025-03-12,TKFEN,0.2,85.95,88.0,False,0.023851076207097144
2025-03-12,TUREX,0.18655226969842664,17.4,18.04,False,0.0367816091954023
2025-03-12,ENKAI,0.2,52.3327,53.5231,False,0.022746772094694112
2025-03-12,PAPIL,0.10305892233205786,22.3,22.78,True,-0.050000000000000044
2025-03-12,ALARK,0.2,80.1602,82.0085,False,0.02305757720165369
2025-03-13,TKFEN,0.2,88.0,96.8,False,0.09999999999999987
2025-03-13,TUREX,0.2,18.04,18.7,False,0.03658536585365857
2025-03-13,PAPIL,0.12560462340818843,22.78,23.44,False,0.028972783143107916
2025-03-13,BMSCH,0.1172982412040097,10.2481,10.4502,False,0.019720728720445724
2025-03-13,ENKAI,0.2,53.5231,54.7612,False,0.02313206820980107
2025-03-17,CEMTS,0.2,10.1369,9.9996,False,-0.013544574771379936
2025-03-17,BMSCH,0.10456022819031892,10.9193,10.7966,False,-0.011236984055754462
2025-03-17,TUREX,0.2,19.0,19.8,False,0.04210526315789487
2025-03-17,PAPIL,0.11071503699082016,25.78,28.34,False,0.09930178432893721
2025-03-17,TRMET,0.2,75.8,77.8,False,0.02638522427440626
2025-03-18,CEMTS,0.2,9.9996,9.0781,True,-0.07538816552662109
2025-03-18,BMSCH,0.11143182462564549,10.7966,9.8873,True,-0.07369375544152779
2025-03-18,TUREX,0.2,19.8,18.6,True,-0.05819191919191924
2025-03-18,PAPIL,0.11500769486606813,28.34,26.48,True,-0.050000000000000044
2025-03-18,CLEBI,0.1834548091026403,2382.2385,2261.3489,True,-0.050000000000000044
2025-03-19,TUREX,0.2,18.6,20.46,False,0.09999999999999987
2025-03-19,BMSCH,0.11458104066037161,9.8873,10.0461,True,-0.050000000000000044
2025-03-19,CEMTS,0.2,9.0781,9.2546,False,0.019442394333616164
2025-03-19,TRENJ,0.2,54.5,56.55,False,0.03761467889908254
2025-03-19,TRMET,0.2,74.0,75.45,False,0.01959459459459456
2025-03-20,BMSCH,0.12172136299686315,10.0461,9.2811,True,-0.06045599784991185
2025-03-20,CEMTS,0.2,9.2546,8.6369,True,-0.050000000000000044
2025-03-20,BIOEN,0.18391809818430654,16.47,14.84,True,-0.07109896782027925
2025-03-20,TUREX,0.18671600348365877,20.46,20.7,False,0.011730205278592365
2025-03-20,QUAGR,0.2,3.91,3.65,True,-0.050000000000000044
2025-03-24,BAGFS,0.2,17.75,18.5,False,0.04225352112676051
2025-03-24,QUAGR,0.2,3.74,4.06,False,0.0855614973262031
2025-03-24,CEMTS,0.2,9.0585,9.2644,False,0.02273003256609818
2025-03-24,FONET,0.16817581807833806,1.94,2.0354,False,0.049175257731958855
2025-03-24,BMSCH,0.12334778740415728,9.743,10.2481,False,0.05184234835266355
2025-03-25,BAGFS,0.2,18.5,19.41,False,0.04918918918918913
2025-03-25,CEMTS,0.2,9.2644,9.1271,False,-0.014820171840594032
2025-03-25,QUAGR,0.2,4.06,4.09,False,0.007389162561576512
2025-03-25,BMSCH,0.1302066745822905,10.2481,11.27,False,0.09971604492540065
2025-03-25,BIOEN,0.16779781082860923,16.68,17.19,False,0.030575539568345356
2025-03-26,BAGFS,0.2,19.41,19.64,False,0.011849562081401421
2025-03-26,QUAGR,0.1983691293034474,4.09,4.1,False,0.0024449877750609694
2025-03-26,MAGEN,0.2,10.4,11.12,False,0.0692307692307692
2025-03-26,BIOEN,0.15410443482710687,17.19,17.56,False,0.021524141942989905
2025-03-27,BAGFS,0.2,19.64,20.36,False,0.03665987780040725
2025-03-27,QUAGR,0.19714605175373873,4.1,4.1,False,0.0
2025-03-27,KIMMR,0.17050804864773095,8.33,8.36,False,0.0036014405762303525
2025-03-27,TUKAS,0.2,2.05,2.06,False,0.004878048780487809
2025-03-27,TUREX,0.2,24.2,24.39,False,0.007851239669421473
2025-04-02,BAGFS,0.2,20.2,20.5,False,0.014851485148514865
2025-04-02,TUKAS,0.19754684782914425,2.04,2.02,False,-0.009803921568627416
2025-04-02,QUAGR,0.19579879223459085,4.11,4.3,False,0.04622871046228694
2025-04-02,CEMTS,0.17935559149094896,10.5682,11.6172,False,0.09926004428379498
2025-04-02,TUREX,0.2,25.5,27.4,False,0.07450980392156858
2025-04-03,TUKAS,0.2,2.02,2.01,False,-0.004950495049505066
2025-04-03,BAGFS,0.2,20.5,20.04,False,-0.022439024390243922
2025-04-03,QUAGR,0.2,4.3,4.25,False,-0.011627906976744096
2025-04-03,TTKOM,0.1736737647737606,48.7,47.46,False,-0.02546201232032863
2025-04-03,KRDMA,0.1959171324689917,33.48,32.6,False,-0.026284348864993867
2025-04-07,BAGFS,0.2,19.73,21.7,False,0.0998479472883933
2025-04-07,QUAGR,0.1898662668430434,4.28,4.5,False,0.051401869158878455
2025-04-07,TUKAS,0.2,2.03,2.08,False,0.024630541871921263
2025-04-07,TOASO,0.2,162.0,164.3,False,0.014197530864197505
2025-04-07,KRDMA,0.19314917452854719,32.1,32.16,False,0.0018691588785044733
2025-04-08,TUKAS,0.2,2.08,2.18,False,0.04807692307692313
2025-04-08,TRMET,0.1993187543425232,79.3,77.7,False,-0.020176544766708604
2025-04-08,TOASO,0.2,164.3,159.0,False,-0.032258064516129115
2025-04-08,QUAGR,0.18809045588416454,4.5,4.69,False,0.04222222222222238
2025-04-08,KRDMA,0.1968300314234597,32.16,31.6,False,-0.01741293532338295
2025-04-09,TOASO,0.2,159.0,159.7,False,0.004402515723270328
2025-04-09,KRDMA,0.19766364821463764,31.6,31.64,False,0.0012658227848101333
2025-04-09,LOGO,0.19711347231445892,107.7125,113.1271,False,0.05026900313334104
2025-04-09,TRMET,0.19810013290383488,77.7,79.75,False,0.026383526383526368
2025-04-09,TUKAS,0.1970938621222816,2.18,2.19,False,0.004587155963302614
2025-04-10,TOASO,0.2,159.7,159.9,False,0.001252348152786631
2025-04-10,QUAGR,0.18297595276572692,4.74,4.74,False,0.0
2025-04-10,KRDMA,0.1943875314874663,31.64,33.3,False,0.05246523388116309
2025-04-10,TUKAS,0.2,2.19,2.18,False,-0.004566210045662045
2025-04-10,TRMET,0.1946245085365221,79.75,81.45,False,0.02131661442006272
2025-04-14,LOGO,0.1783581506728532,107.9059,107.4224,False,-0.004480755917887769
2025-04-14,TOASO,0.2,162.6,157.6,False,-0.03075030750307506
2025-04-14,KRDMA,0.19246473961857963,34.12,34.72,False,0.017584994138335253
2025-04-14,ASELS,0.17850327278328218,119.3,116.6,False,-0.022632020117351215
2025-04-14,PETUN,0.2,8.59,8.62,False,0.0034924330616996624
2025-04-15,TOASO,0.2,157.6,151.2,False,-0.040609137055837574
2025-04-15,LOGO,0.2,107.4224,107.1323,False,-0.002700554074382966
2025-04-15,ASELS,0.2,116.6,121.2,False,0.03945111492281317
2025-04-15,KRDMA,0.2,34.72,33.98,False,-0.0213133640552996
2025-04-15,PAPIL,0.1159183548029917,32.5,31.5,True,-0.050000000000000044
2025-04-16,LOGO,0.17675450607617302,107.1323,113.0304,False,0.05505435802274383
2025-04-16,TOASO,0.2,151.2,166.3,False,0.0998677248677251
2025-04-16,KIMMR,0.2,8.5,8.55,False,0.00588235294117645
2025-04-16,GOODY,0.1927622639494855,15.14,15.35,False,0.01387054161162471
2025-04-16,KRDMA,0.18791837275342144,33.98,35.52,False,0.04532077692760472
2025-04-17,KIMMR,0.2,8.55,8.62,False,0.008187134502923854
2025-04-17,LOGO,0.16356512975410012,113.0304,110.6132,False,-0.021385397202876355
2025-04-17,EREGL,0.19600275980597795,21.1996,20.9024,False,-0.014019132436461024
2025-04-17,AKENR,0.2,9.55,9.35,False,-0.020942408376963484
2025-04-17,GOODY,0.18904585182183398,15.35,15.06,False,-0.01889250814332244
2025-04-21,KIMMR,0.2,8.75,8.64,False,-0.012571428571428456
2025-04-21,AKENR,0.19882066179473462,9.51,9.3,False,-0.022082018927444658
2025-04-21,KUTPO,0.1888081548884512,73.4,73.0,False,-0.005449591280654031
2025-04-21,AKFGY,0.18367705489084932,1.87,1.88,False,0.0053475935828875
2025-04-21,EREGL,0.16395308528100774,20.7637,21.0609,False,0.01431344124602063
2025-04-24,AKENR,0.2,9.3,9.31,False,0.0010752688172042113
2025-04-24,TEKTU,0.2,3.88,3.96,False,0.020618556701030855
2025-04-24,KIMMR,0.2,8.79,8.83,False,0.004550625711035483
2025-04-24,AKFGY,0.17149281835492042,1.9,1.91,False,0.0052631578947368585
2025-04-24,EKGYO,0.13988067508289115,11.6838,11.6448,False,-0.0033379551173419175
2025-04-28,AKENR,0.2,9.15,9.01,False,-0.015300546448087537
2025-04-28,TEKTU,0.1737692748791184,3.82,3.78,False,-0.010471204188481686
2025-04-28,BAGFS,0.06454536622097498,23.86,24.3,False,0.018440905280804776
2025-04-28,KIMMR,0.2,8.94,8.78,False,-0.017897091722595126
2025-04-28,AKFGY,0.2,1.88,1.86,False,-0.010638297872340274
2025-04-29,AKENR,0.2,9.01,8.85,False,-0.017758046614872347
2025-04-29,TEKTU,0.16299193266376058,3.78,3.74,False,-0.01058201058201047
2025-04-29,KIMMR,0.2,8.78,8.76,False,-0.002277904328018221
2025-04-29,EKGYO,0.14013199452663366,11.4306,11.2164,False,-0.018739173796651132
2025-04-29,AKFGY,0.2,1.86,1.92,False,0.032258064516129004
2025-05-05,TEKTU,0.2,4.04,4.31,False,0.06683168316831667
2025-05-05,BAGFS,0.09928223116932425,23.4,23.68,False,0.011965811965811923
2025-05-05,MAGEN,0.2,10.856,10.992,False,0.012527634487840889
2025-05-05,BIOEN,0.2,18.13,18.87,False,0.04081632653061229
2025-05-05,EKGYO,0.2,11.752,11.8298,False,0.006620149761742633
2025-05-06,TEKTU,0.2,4.31,4.21,False,-0.023201856148491795
2025-05-06,MAGEN,0.2,10.992,11.024,False,0.0029112081513826826
2025-05-06,EKGYO,0.2,11.8298,11.7422,False,-0.007405027980185608
2025-05-06,BIOEN,0.2,18.87,18.75,False,-0.006359300476947549
2025-05-06,BAGFS,0.10554677344969755,23.68,26.04,False,0.09966216216216206
2025-05-07,TEKTU,0.16835707942422112,4.21,4.45,True,-0.050000000000000044
2025-05-07,TMSN,0.2,82.2,84.15,False,0.02372262773722622
2025-05-07,MAGEN,0.1946907993100111,11.024,11.048,False,0.002177068214804123
2025-05-07,KIMMR,0.15255625738822165,10.09,10.34,False,0.024777006937561907
2025-05-07,EKGYO,0.1958214016039685,11.7422,12.083,False,0.029023521997581403
2025-05-08,TMSN,0.2,84.15,85.7,False,0.018419489007724277
2025-05-08,MAGEN,0.2,11.048,11.24,False,0.0173787110789283
2025-05-08,KIMMR,0.1581760745716698,10.34,10.39,False,0.004835589941972973
2025-05-08,EKGYO,0.19615107928157147,12.083,12.4432,False,0.029810477530414436
2025-05-08,TEKTU,0.16218327703490965,4.45,4.89,False,0.09887640449438195
2025-05-12,TMSN,0.2,87.55,88.85,False,0.01484865790976575
2025-05-12,MAGEN,0.2,11.512,11.624,False,0.00972897845726206
2025-05-12,TEKTU,0.13695256979953013,4.81,4.78,False,-0.006237006237006071
2025-05-12,KIMMR,0.15959651706519934,10.9,10.79,False,-0.010091743119266194
2025-05-12,QUAGR,0.19523352149954168,5.52,5.47,False,-0.009057971014492683
2025-05-13,TEKTU,0.14699964834012189,4.78,4.87,False,0.01882845188284521
2025-05-13,MAGEN,0.2,11.624,11.824,False,0.01720578114246374
2025-05-13,TMSN,0.2,88.85,86.75,False,-0.02363534046145177
2025-05-13,KIMMR,0.1703550723800357,10.79,11.5,False,0.06580166821130695
2025-05-13,BMSCH,0.13049584634734077,10.94,11.07,False,0.01188299817184646
2025-05-14,TEKTU,0.14908145939517095,4.87,4.46,True,-0.050000000000000044
2025-05-14,TMSN,0.2,86.75,86.0,False,-0.008645533141210415
2025-05-14,BMSCH,0.13176752666414898,11.07,10.85,False,-0.019873532068654054
2025-05-14,MAGEN,0.2,11.824,12.2,False,0.031799729364005325
2025-05-14,EKGYO,0.17034155114754562,13.3682,13.6798,False,0.023309046842506786
2025-05-15,TEKTU,0.13374638298530417,4.46,4.43,False,-0.006726457399103158
2025-05-15,TMSN,0.2,86.0,87.15,False,0.013372093023255927
2025-05-15,MAGEN,0.2,12.2,13.216,False,0.0832786885245902
2025-05-15,BMSCH,0.13719853920687394,10.85,10.76,False,-0.008294930875575979
2025-05-15,KIMMR,0.15913156932125375,11.08,11.5,False,0.03790613718411562
2025-05-20,TEKTU,0.1222647158198492,4.87,5.35,False,0.09856262833675555
2025-05-20,TMSN,0.2,85.9,94.45,False,0.09953434225844005
2025-05-20,EKGYO,0.18780183094162928,14.0692,14.1569,False,0.006233474540130235
2025-05-20,BMSCH,0.13907962556514547,10.97,10.88,False,-0.008204193254329972
2025-05-20,HLGYO,0.2,2.6025,2.5929,False,-0.00368876080691638
2025-05-21,TEKTU,0.11628288065509398,5.35,5.51,True,-0.050000000000000044
2025-05-21,EKGYO,0.2,14.1569,13.6214,False,-0.037826077743008724
2025-05-21,HLGYO,0.2,2.5929,2.5738,False,-0.007366269428053629
2025-05-21,TUPRS,0.19564013418105697,124.2394,123.951,False,-0.0023213247971256568
2025-05-21,MAGEN,0.2,13.584,13.512,False,-0.005300353356890386
2025-05-22,EKGYO,0.2,13.6214,13.6603,False,0.0028558004316736607
2025-05-22,TEKTU,0.12292900801924445,5.51,5.34,True,-0.050000000000000044
2025-05-22,BMSCH,0.15031230122181988,10.88,10.79,False,-0.008272058823529549
2025-05-22,HLGYO,0.2,2.5738,2.5738,False,0.0
2025-05-22,MAGEN,0.2,13.512,13.536,False,0.001776198934280604
2025-05-26,EKGYO,0.1825804752026947,13.2514,13.1443,False,-0.008082164903331024
2025-05-26,MAVI,0.2,32.06,31.86,False,-0.006238303181534732
2025-05-26,TEKTU,0.11272202028045879,5.41,5.45,False,0.007393715341959428
2025-05-26,BMSCH,0.14044202641439826,10.89,10.89,False,0.0
2025-05-26,HLGYO,0.2,2.5642,2.5259,False,-0.01493643241556819
2025-05-27,EKGYO,0.16841889875721824,13.1443,13.4169,False,0.02073902756327839
2025-05-27,MAVI,0.2,31.86,31.34,False,-0.016321406151914575
2025-05-27,TEKTU,0.10440265272394135,5.45,5.92,False,0.0862385321100918
2025-05-27,MAGEN,0.2,13.104,13.0,False,-0.007936507936507908
2025-05-27,SNGYO,0.2,3.49,3.41,False,-0.022922636103151928
2025-05-28,MAVI,0.2,31.34,30.88,False,-0.01467772814294832
2025-05-28,EKGYO,0.169053461004941,13.4169,13.6798,False,0.01959469027867833
2025-05-28,KRDMA,0.10130597626764239,36.44,39.5,False,0.08397365532381995
2025-05-28,SNGYO,0.2,3.41,3.46,False,0.014662756598240456
2025-05-28,HLGYO,0.2,2.5068,2.5068,False,0.0
2025-05-29,MAVI,0.2,30.88,30.58,False,-0.009715025906735786
2025-05-29,EKGYO,0.13321552053474908,13.6798,13.6116,False,-0.004985453003698903
2025-05-29,SDTTR,0.2,168.6188,176.1152,False,0.0444576761310127
2025-05-29,SNGYO,0.16261758798425588,3.46,3.45,False,-0.0028901734104045396
2025-05-29,TUPRS,0.13949079198287803,121.1623,119.2391,False,-0.015872924168656488
2025-06-02,TUPRS,0.17081061011588516,118.7583,122.1239,False,0.02833991392601609
2025-06-02,KRDMA,0.09944869555685835,39.2,41.34,False,0.05459183673469381
2025-06-02,MAVI,0.2,30.3,31.24,False,0.031023102310230977
2025-06-02,EREGL,0.2,22.8045,23.2007,False,0.017373763950097487
2025-06-02,TUKAS,0.1648522818100761,2.25,2.35,False,0.04444444444444451
2025-06-03,ASELS,0.12618168113925216,127.6,134.7,False,0.05564263322884
2025-06-03,TUPRS,0.13654763928881683,122.1239,127.8935,False,0.047243823690530595
2025-06-03,FONET,0.2,2.0492,2.1277,False,0.038307632246730394
2025-06-03,SDTTR,0.2,169.1186,174.2161,False,0.030141569289244607
2025-06-03,MAVI,0.2,31.24,31.6,False,0.011523687580025754
2025-06-04,ASELS,0.13160539828288745,134.7,139.5,False,0.03563474387527843
2025-06-04,BMSCH,0.1304201680034754,11.79,12.05,False,0.022052586938083207
2025-06-04,MAVI,0.2,31.6,31.98,False,0.012025316455696267
2025-06-04,QUAGR,0.2,5.81,5.96,False,0.025817555938038028
2025-06-04,KRDMB,0.2,22.74,22.68,False,-0.0026385224274405594
2025-06-10,BMSCH,0.19959394713182457,12.69,12.46,False,-0.01812450748620953
2025-06-10,TEKTU,0.09433200344271325,6.66,6.36,False,-0.04504504504504503
2025-06-10,KRDMB,0.2,23.04,23.26,False,0.00954861111111116
2025-06-10,AKFGY,0.1939431827702971,2.15,2.2,False,0.023255813953488413
2025-06-10,ARCLK,0.2,112.1,112.4,False,0.00267618198037467
2025-06-11,TEKTU,0.09532994226623151,6.36,6.21,False,-0.02358490566037741
2025-06-11,BMSCH,0.19479903169828866,12.46,12.05,False,-0.0329052969502408
2025-06-11,EREGL,0.2,23.9338,24.6669,False,0.03063032197143767
2025-06-11,AKFGY,0.19033406568990818,2.2,2.12,False,-0.036363636363636376
2025-06-11,TUPRS,0.2,126.6434,125.9703,False,-0.00531492363597319
2025-06-12,TEKTU,0.09700765720609371,6.21,5.89,True,-0.07149758454106281
2025-06-12,BMSCH,0.199484315740337,12.05,12.19,True,-0.050000000000000044
2025-06-12,AKFGY,0.1881568472405561,2.12,2.0,True,-0.059433962264150986
2025-06-12,ARCLK,0.2,109.9,109.0,True,-0.050000000000000044
2025-06-12,TUPRS,0.2,125.9703,126.2588,False,0.0022902223778145103
2025-06-16,TEKTU,0.10860289365620356,6.47,6.9,False,0.06646058732612059
2025-06-16,AKFGY,0.2,2.06,2.07,False,0.004854368932038833
2025-06-16,HLGYO,0.2,2.6025,2.5833,False,-0.007377521613832871
2025-06-16,VESBE,0.2,8.9823,8.9126,False,-0.0077597051980006215
2025-06-16,BMSCH,0.2,12.49,12.36,False,-0.01040832666132907
2025-06-17,AKFGY,0.19859968304065811,2.07,2.03,False,-0.019323671497584516
2025-06-17,HLGYO,0.2,2.5833,2.5396,False,-0.01691634730770719
2025-06-17,TEKTU,0.11267530790712547,6.9,6.82,False,-0.011594202898550732
2025-06-17,EKGYO,0.2,15.11,14.37,True,-0.050000000000000044
2025-06-17,OZKGY,0.2,10.63,10.4,False,-0.021636876763875823
2025-06-18,AKFGY,0.2,2.03,1.99,False,-0.01970443349753681
2025-06-18,VESBE,0.2,8.7831,8.813,False,0.003404265008937868
2025-06-18,TEKTU,0.11508497553979351,6.82,6.9,False,0.011730205278592365
2025-06-18,HLGYO,0.2,2.5396,2.53,False,-0.0037801228539928733
2025-06-18,EKGYO,0.2,14.37,14.34,False,-0.0020876826722338038
2025-06-19,TEKTU,0.11607329961914763,6.9,7.59,False,0.09999999999999987
2025-06-19,AKFGY,0.19598386749228333,1.99,2.06,False,0.035175879396984966
2025-06-19,HLGYO,0.2,2.53,2.6258,False,0.0378656126482213
2025-06-19,EKGYO,0.2,14.34,15.14,False,0.0557880055788007
2025-06-19,SNGYO,0.2,3.56,3.71,False,0.042134831460674205
2025-06-23,AKFGY,0.18482409860603166,2.1,2.31,False,0.1
2025-06-23,BAGFS,0.17625299178949666,23.88,24.46,False,0.024288107202680154
2025-06-23,HLGYO,0.2,2.6163,2.7408,False,0.04758628597637893
2025-06-23,SNGYO,0.2,3.63,3.91,False,0.07713498622589543
2025-06-24,HUNER,0.2,3.25,3.25,False,0.0
2025-06-24,TEKTU,0.12023512517228716,7.95,8.74,False,0.09937106918238992
2025-06-24,AKFGY,0.17129372484595787,2.31,2.37,False,0.025974025974025983
2025-06-24,BAGFS,0.2,24.46,24.5,False,0.0016353229762877675
2025-06-24,MAVI,0.2,34.98,34.74,False,-0.006861063464836947
2025-06-25,HUNER,0.2,3.25,3.3,False,0.01538461538461533
2025-06-25,AKFGY,0.1382644349128669,2.37,2.37,False,0.0
2025-06-25,BAGFS,0.16394289321239397,24.5,25.36,False,0.03510204081632651
2025-06-25,INDES,0.2,6.25,6.16,False,-0.014399999999999968
2025-06-25,MAVI,0.18800490050929178,34.74,35.4,False,0.01899827288428324
2025-06-26,BAGFS,0.14736465718896427,25.36,24.56,False,-0.03154574132492116
2025-06-26,EUPWR,0.1798239052251187,25.2,24.96,False,-0.00952380952380949
2025-06-26,HUNER,0.2,3.3,3.31,False,0.003030303030303161
2025-06-26,OTKAR,0.2,380.0,383.75,False,0.009868421052631637
2025-06-26,HEKTS,0.2,3.01,3.06,False,0.01661129568106312
2025-06-30,BAGFS,0.18444383088604677,25.5,25.86,False,0.014117647058823568
2025-06-30,HUNER,0.2,3.4,3.49,False,0.026470588235294246
2025-06-30,TEKTU,0.10798043367592311,9.04,9.15,False,0.012168141592920456
2025-06-30,EUPWR,0.2,25.66,25.9,False,0.009353078721745955
2025-06-30,HLGYO,0.2,3.0379,3.0954,False,0.018927548635570668
2025-07-01,BAGFS,0.1678073060747507,25.86,28.44,False,0.09976798143851506
2025-07-01,TEKTU,0.10183590314587772,9.15,10.06,False,0.09945355191256833
2025-07-01,HLGYO,0.185483267740316,3.0954,3.0763,False,-0.006170446468954038
2025-07-01,EUPWR,0.2,25.9,26.26,False,0.013899613899613916
2025-07-01,QUAGR,0.2,6.18,6.15,False,-0.004854368932038722
2025-07-02,HLGYO,0.191907536209063,3.0763,3.1146,False,0.012450021129278621
2025-07-02,BAGFS,0.14856859883149157,28.44,27.72,False,-0.025316455696202667
2025-07-02,TEKTU,0.10156670217862337,10.06,11.06,False,0.09940357852882697
2025-07-02,OTKAR,0.2,409.0,418.0,False,0.022004889975550057
2025-07-02,PRKME,0.2,16.81,17.03,False,0.013087447947650377
2025-07-03,MAGEN,0.15289594161145195,13.192,13.2,False,0.0006064281382656134
2025-07-03,ASELS,0.16957195449333443,149.8,151.2,False,0.009345794392523255
2025-07-03,INDES,0.2,6.61,6.88,False,0.0408472012102874
2025-07-03,BAGFS,0.12092362658446291,27.72,29.8,False,0.07503607503607501
2025-07-03,QUAGR,0.2,6.05,6.08,False,0.0049586776859504855
2025-07-07,HLGYO,0.15790153481310945,3.1817,3.105,False,-0.02410660967407363
2025-07-07,SARKY,0.2,10.59,10.482,False,-0.010198300283286166
2025-07-07,OTKAR,0.18015487790036683,413.0,410.0,False,-0.007263922518159771
2025-07-07,MAGEN,0.14893515937388083,13.104,13.688,False,0.04456654456654463
2025-07-07,QUAGR,0.2,6.16,6.13,False,-0.004870129870129913
2025-07-08,HLGYO,0.18316318934456102,3.105,3.1433,False,0.01233494363929144
2025-07-08,OTKAR,0.2,410.0,412.75,False,0.006707317073170627
2025-07-08,CANTE,0.2,1.53,1.55,False,0.013071895424836555
2025-07-08,HEKTS,0.2,3.11,3.17,False,0.019292604501607746
2025-07-08,MAGEN,0.160527462444392,13.688,13.52,False,-0.012273524254821866
2025-07-09,MAGEN,0.19765196519426464,13.52,14.336,False,0.06035502958579886
2025-07-09,BAGFS,0.1631585534871599,28.9,31.78,False,0.09965397923875452
2025-07-09,CANTE,0.2,1.55,1.61,False,0.03870967741935494
2025-07-09,TEKTU,0.08976587657767614,9.36,10.29,False,0.09935897435897423
2025-07-09,OTKAR,0.2,412.75,434.75,False,0.053301029678982426
2025-07-10,TEKTU,0.08681716896992032,10.29,11.31,False,0.09912536443148712
2025-07-10,ASELS,0.2,152.5,154.0,False,0.009836065573770592
2025-07-10,HLGYO,0.2,3.2296,3.3733,False,0.044494674263066525
2025-07-10,OTKAR,0.2,434.75,450.0,False,0.035077630822311745
2025-07-10,KIMMR,0.2,12.19,11.94,False,-0.020508613617719496
2025-07-16,CANTE,0.2,1.58,1.62,False,0.025316455696202445
2025-07-16,MAGEN,0.13711047156057354,14.352,14.224,False,-0.00891861761426982
2025-07-16,OTKAR,0.18134885636807963,442.0,461.75,False,0.0446832579185521
2025-07-16,PENTA,0.2,13.22,13.47,False,0.018910741301058964
2025-07-16,ASTOR,0.1585286687413125,89.9238,92.1435,False,0.024684232650310722
2025-07-17,MAGEN,0.1272326854033282,14.224,15.12,False,0.06299212598425186
2025-07-17,CANTE,0.2,1.62,1.64,False,0.012345679012345512
2025-07-17,PENTA,0.2,13.47,13.59,False,0.00890868596881944
2025-07-17,KFEIN,0.2,9.26,9.51,False,0.02699784017278617
2025-07-17,ASELS,0.171072535890702,161.9,166.2,False,0.026559604694255556
2025-07-21,CANTE,0.1786081923166053,1.7,1.73,False,0.01764705882352935
2025-07-21,PETUN,0.2,10.28,10.32,False,0.0038910505836575737
2025-07-21,AKSEN,0.1888820784056826,36.72,36.82,False,0.002723311546841023
2025-07-21,BIOEN,0.2,21.02,20.56,False,-0.021883920076118057
2025-07-21,MIATK,0.14602561103383,31.8,32.68,False,0.02767295597484276
2025-07-22,CANTE,0.18946993524741643,1.73,1.7,False,-0.017341040462427793
2025-07-22,BIOEN,0.2,20.56,20.14,False,-0.020428015564202262
2025-07-22,AKSEN,0.2,36.82,36.98,False,0.004345464421509959
2025-07-22,PETUN,0.2,10.32,10.25,False,-0.006782945736434121
2025-07-22,MAGEN,0.11004349145337995,16.152,16.368,False,0.013372956909361022
2025-07-23,CANTE,0.2,1.7,1.72,False,0.0117647058823529
2025-07-23,TEKTU,0.061985052039465846,12.8,12.95,True,-0.050000000000000044
2025-07-23,PETUN,0.2,10.25,10.41,False,0.01560975609756099
2025-07-23,MAGEN,0.12955719708216662,16.368,16.52,False,0.009286412512218956
2025-07-23,AKSEN,0.2,36.98,37.72,False,0.02001081665765292
2025-07-24,CANTE,0.2,1.72,1.73,False,0.005813953488372103
2025-07-24,TEKTU,0.07565275107270916,12.95,14.24,False,0.09961389961389977
2025-07-24,MAGEN,0.15362955024823252,16.52,16.096,False,-0.025665859564164673
2025-07-24,TUKAS,0.2,2.72,2.72,False,0.0
2025-07-24,AKSEN,0.2,37.72,37.98,False,0.006892895015906619
2025-07-28,PETUN,0.2,10.35,10.59,False,0.023188405797101463
2025-07-28,TEKTU,0.0644632440726963,15.41,14.7,True,-0.050000000000000044
2025-07-28,CANTE,0.1645431583206909,1.9,2.09,False,0.09999999999999987
2025-07-28,FROTO,0.2,92.95,91.5,False,-0.015599784830554131
2025-07-28,QUAGR,0.2,6.92,6.83,False,-0.013005780346820761
2025-07-29,TEKTU,0.062320341166114734,14.7,14.15,True,-0.050000000000000044
2025-07-29,FROTO,0.2,91.5,95.45,False,0.043169398907103806
2025-07-29,PETUN,0.2,10.59,10.92,False,0.031161473087818692
2025-07-29,QUAGR,0.2,6.83,6.79,False,-0.005856515373352855
2025-07-29,MAGEN,0.13043361939954973,16.56,16.68,False,0.007246376811594235
2025-07-30,TEKTU,0.08198508055697824,14.15,14.83,False,0.048056537102473484
2025-07-30,CANTE,0.14228133824704828,1.9,1.8,True,-0.04999999999999993
2025-07-30,MAGEN,0.17547781081280395,16.68,17.48,False,0.04796163069544379
2025-07-30,QUAGR,0.2,6.79,6.88,False,0.013254786450662692
2025-07-30,DOHOL,0.2,15.7359,15.6572,False,-0.005001302753576353
2025-07-31,CANTE,0.11949442135230576,1.8,1.93,False,0.07222222222222219
2025-07-31,TEKTU,0.07460708746101447,14.83,14.43,False,-0.02697235333782877
2025-07-31,QUAGR,0.2,6.88,6.85,False,-0.0043604651162790775
2025-07-31,ASTOR,0.2,103.1928,103.0942,False,-0.0009554930188928612
2025-07-31,DOHOL,0.2,15.6572,15.9623,False,0.01948624275093902
2025-08-04,TEKTU,0.08700178082426986,14.24,15.66,False,0.09971910112359539
2025-08-04,SASA,0.2,3.18,3.16,False,-0.0062893081761006275
2025-08-04,CANTE,0.12380521184903492,1.95,2.14,False,0.09743589743589753
2025-08-04,TLMAN,0.2,86.7,88.5,False,0.02076124567474036
2025-08-04,HEKTS,0.1922404773611198,4.07,3.97,False,-0.02457002457002455
2025-08-05,TEKTU,0.08308518655404837,15.66,17.22,False,0.09961685823754785
2025-08-05,SASA,0.2,3.16,3.18,False,0.006329113924050667
2025-08-05,MAGEN,0.1585392607121701,17.16,17.368,False,0.012121212121211977
2025-08-05,DOHOL,0.2,16.0017,16.3166,False,0.01967915908934681
2025-08-05,HEKTS,0.18999598575407448,3.97,4.11,False,0.035264483627204024
2025-08-06,TEKTU,0.062103260842730754,17.22,18.93,False,0.0993031358885017
2025-08-06,SASA,0.2,3.18,3.17,False,-0.003144654088050425
2025-08-06,MAGEN,0.11445714219132773,17.368,17.8,False,0.024873330262551896
2025-08-06,GSDHO,0.2,4.37,4.43,False,0.013729977116704761
2025-08-06,ZOREN,0.2,3.42,3.45,False,0.00877192982456143
2025-08-07,SASA,0.2,3.17,3.39,False,0.06940063091482651
2025-08-07,TEKTU,0.06450739535936226,18.93,20.82,False,0.09984152139461178
2025-08-07,ZOREN,0.2,3.45,3.46,False,0.0028985507246375164
2025-08-07,GSDHO,0.2,4.43,4.43,False,0.0
2025-08-07,HEKTS,0.1283595079321451,4.07,4.29,False,0.054054054054053946
2025-08-11,SASA,0.19551349617072708,3.4,3.31,False,-0.026470588235294024
2025-08-11,CANTE,0.07836448008966339,2.18,2.25,False,0.032110091743119185
2025-08-11,GOODY,0.18909957017667692,17.33,17.2,False,-0.007501442585112428
2025-08-11,VESBE,0.2,10.54,10.4,False,-0.013282732447817747
2025-08-11,GSDHO,0.2,4.5,4.63,False,0.028888888888888964
2025-08-12,SASA,0.17622517258234718,3.31,3.5,False,0.05740181268882183
2025-08-12,VESBE,0.2,10.4,10.36,False,-0.0038461538461539435
2025-08-12,TRENJ,0.1262953297941585,51.5,51.0,False,-0.009708737864077666
2025-08-12,GOODY,0.1762548070103163,17.2,17.21,False,0.000581395348837388
2025-08-12,PETKM,0.2,17.87,17.91,False,0.0022383883603804833
2025-08-13,VESBE,0.2,10.36,10.25,False,-0.010617760617760541
2025-08-13,SASA,0.1656499361419902,3.5,3.55,False,0.014285714285714235
2025-08-13,TRENJ,0.13466395002639547,51.0,51.9,False,0.01764705882352935
2025-08-13,KARSN,0.2,10.28,10.14,False,-0.013618677042801397
2025-08-13,GOODY,0.18900988763296017,17.21,17.05,False,-0.00929692039511909
2025-08-14,VESBE,0.2,10.25,10.47,False,0.02146341463414636
2025-08-14,SASA,0.16488511566798975,3.55,3.9,False,0.09859154929577474
2025-08-14,KARSN,0.2,10.14,10.25,False,0.010848126232741562
2025-08-14,TRENJ,0.1342243446643832,51.9,52.25,False,0.00674373795761074
2025-08-14,GOODY,0.19351704857004567,17.05,17.2,False,0.008797653958944274
2025-08-18,VESBE,0.2,10.52,10.37,False,-0.014258555133079831
2025-08-18,ALKA,0.2,7.6,7.63,False,0.003947368421052699
2025-08-18,BIOEN,0.10431767240991735,20.12,20.12,False,0.0
2025-08-18,TRENJ,0.1210917243924896,53.9,52.6,False,-0.024118738404452666
2025-08-18,TUPRS,0.2,154.9147,154.0492,False,-0.005586945590057013
2025-08-19,VESBE,0.2,10.37,10.4,False,0.002892960462873795
2025-08-19,ALKA,0.2,7.63,7.59,False,-0.005242463958060273
2025-08-19,TUPRS,0.2,154.0492,157.7033,False,0.023720343890133888
2025-08-19,TRENJ,0.12139803909238513,52.6,53.25,False,0.012357414448669113
2025-08-19,BIOEN,0.10525075435096357,20.12,20.46,False,0.016898608349900535
2025-08-20,VESBE,0.2,10.4,10.71,False,0.029807692307692424
2025-08-20,ALKA,0.2,7.59,7.63,False,0.005270092226614009
2025-08-20,TRENJ,0.11394520630629956,53.25,54.8,False,0.029107981220657164
2025-08-20,TUPRS,0.2,157.7033,161.9344,False,0.026829495641498946
2025-08-20,GOODY,0.16240582385132898,17.85,17.97,False,0.006722689075630006
2025-08-21,ALKA,0.2,7.63,7.68,False,0.006553079947575258
2025-08-21,VESBE,0.2,10.71,10.76,False,0.00466853408029877
2025-08-21,KARSN,0.19104403549264015,10.88,11.11,False,0.02113970588235281
2025-08-21,MAGEN,0.10102547393651158,18.984,19.888,False,0.04761904761904767
2025-08-21,TRENJ,0.12722490788323307,54.8,57.05,False,0.04105839416058399
2025-08-25,QUAGR,0.2,7.48,7.51,False,0.00401069518716568
2025-08-25,TRENJ,0.18299538858673006,58.15,58.3,False,0.002579535683576939
2025-08-25,ALKA,0.2,7.77,8.04,False,0.03474903474903468
2025-08-25,MAGEN,0.106549532985258,19.28,20.12,False,0.043568464730290524
2025-08-25,BIOEN,0.11066561561342916,21.68,21.66,False,-0.0009225092250921829
2025-08-26,QUAGR,0.2,7.51,7.37,False,-0.018641810918774926
2025-08-26,TRENJ,0.18320038927502763,58.3,58.35,False,0.0008576329331047017
2025-08-26,ALKA,0.2,8.04,7.95,False,-0.011194029850746134
2025-08-26,BIOEN,0.09932553133000523,21.66,22.06,False,0.01846722068328699
2025-08-26,TUPRS,0.2,165.0115,164.5307,False,-0.002913736315347859
2025-08-27,QUAGR,0.2,7.37,7.45,False,0.01085481682496603
2025-08-27,ALKA,0.2,7.95,7.98,False,0.0037735849056603765
2025-08-27,KUTPO,0.19078298434105373,94.1,93.95,False,-0.0015940488841656997
2025-08-27,TRENJ,0.1976320595783886,58.35,59.15,False,0.01371036846615259
2025-08-27,MAGEN,0.0989340939982657,19.6,19.84,False,0.012244897959183598
2025-08-28,QUAGR,0.19386753498705003,7.45,7.48,False,0.00402684563758382
2025-08-28,ALKA,0.2,7.98,7.74,False,-0.03007518796992481
2025-08-28,TUPRS,0.2,164.4346,165.5885,False,0.00701737955393833
2025-08-28,KUTPO,0.16552667882161506,93.95,92.1,False,-0.019691325172964458
2025-08-28,TRENJ,0.17050558509381883,59.15,59.6,False,0.0076077768385460764
2025-09-01,QUAGR,0.2,7.89,7.91,False,0.0025348542458809575
2025-09-01,KUTPO,0.2,94.15,91.5,True,-0.050000000000000155
2025-09-01,ALKA,0.14784027568788202,8.51,8.2,True,-0.04999999999999993
2025-09-01,ASELS,0.19725608222930321,178.5,174.2,True,-0.050000000000000044
2025-09-01,TRENJ,0.2,59.85,57.55,True,-0.050000000000000044
2025-09-02,QUAGR,0.2,7.91,8.36,False,0.05689001264222493
2025-09-02,ALKA,0.15320179648419133,8.2,8.6,False,0.04878048780487809
2025-09-02,KUTPO,0.2,91.5,94.95,False,0.03770491803278686
2025-09-02,TRENJ,0.1972449168191081,57.55,58.8,False,0.021720243266724504
2025-09-02,FONET,0.15753701964526834,2.4123,2.4462,False,0.01405297848526299
2025-09-03,QUAGR,0.2,8.36,9.17,False,0.09688995215311014
2025-09-03,ALKA,0.1502929879737547,8.6,9.12,False,0.0604651162790697
2025-09-03,KUTPO,0.2,94.95,96.6,False,0.017377567140600236
2025-09-03,TOASO,0.2,228.0,227.5,False,-0.002192982456140302
2025-09-03,TRENJ,0.2,58.8,58.35,False,-0.007653061224489721
2025-09-04,ALKA,0.15141475940310697,9.12,9.21,False,0.00986842105263186
2025-09-04,KUTPO,0.2,96.6,97.05,False,0.004658385093167627
2025-09-04,QUAGR,0.17457202964956006,9.17,8.84,False,-0.03598691384950925
2025-09-04,TRENJ,0.2,58.35,59.5,False,0.019708654670094194
2025-09-04,TOASO,0.2,227.5,225.1,False,-0.010549450549450556
2025-09-08,ALKA,0.12222111435380771,8.41,8.7,False,0.0344827586206895
2025-09-08,TRENJ,0.2,58.5,60.35,False,0.031623931623931734
2025-09-08,TRMET,0.2,75.0,74.05,False,-0.012666666666666715
2025-09-08,ASELS,0.2,173.5,173.7,False,0.0011527377521614035
2025-09-08,TOASO,0.2,222.7,237.0,False,0.06421194431971267
2025-09-09,ALKA,0.12046655375334435,8.7,9.3,False,0.06896551724137945
2025-09-09,ASELS,0.2,173.7,177.4,False,0.021301093839954044
2025-09-09,KUTPO,0.2,97.4,105.3,False,0.08110882956878851
2025-09-09,TRMET,0.2,74.05,75.0,False,0.01282916948008106
2025-09-09,TRENJ,0.2,60.35,58.9,False,-0.024026512013256007
2025-09-10,ALKA,0.09748074488984919,9.3,9.04,False,-0.027956989247312047
2025-09-10,TRENJ,0.18706666039529143,58.9,60.05,False,0.019524617996604432
2025-09-10,ENKAI,0.2,65.6532,66.0484,False,0.006019508569270027
2025-09-10,AKSEN,0.2,36.24,36.4,False,0.004415011037527394
2025-09-10,TUPRS,0.2,163.9538,168.281,False,0.026392800898789703
2025-09-11,ALKA,0.10918300737121366,9.04,8.86,False,-0.019911504424778736
2025-09-11,TRENJ,0.2,60.05,58.5,False,-0.02581182348043287
2025-09-11,GWIND,0.2,22.52,22.3,False,-0.009769094138543433
2025-09-11,EREGL,0.2,25.7,25.7,False,0.0
2025-09-11,ASELS,0.2,172.1,173.9,False,0.010459035444509102
2025-09-15,ALKA,0.1263032678783447,9.35,9.86,False,0.05454545454545445
2025-09-15,TRENJ,0.2,61.55,65.1,False,0.0576766856214459
2025-09-15,ASELS,0.2,185.2,195.2,False,0.05399568034557234
2025-09-15,TRALT,0.2,23.36,24.5,False,0.048801369863013644
2025-09-15,TRMET,0.2,79.5,82.75,False,0.04088050314465419
2025-09-16,ALKA,0.12157909002169369,9.86,10.49,False,0.0638945233265722
2025-09-16,TRENJ,0.2,65.1,64.05,False,-0.016129032258064502
2025-09-16,SARKY,0.17952687615642005,13.47,14.03,False,0.041573867854491464
2025-09-16,TCELL,0.2,95.2,95.75,False,0.005777310924369727
2025-09-16,ASELS,0.18713525890255492,195.2,194.1,False,-0.00563524590163933
2025-09-17,ALKA,0.12697318705157332,10.49,11.53,False,0.09914204003813154
2025-09-17,TRENJ,0.2,64.05,64.85,False,0.012490241998438734
2025-09-17,AKSEN,0.2,38.68,38.36,False,-0.008273009307135482
2025-09-17,ASELS,0.2,194.1,192.2,False,-0.009788768675940251
2025-09-17,MAGEN,0.14942563887780666,22.56,22.64,False,0.0035460992907803135
2025-09-18,TRENJ,0.18251626774698587,64.85,68.0,False,0.04857363145720894
2025-09-18,ALKA,0.09667313565796273,11.53,12.02,False,0.04249783174327848
2025-09-18,AKSEN,0.2,38.36,38.92,False,0.014598540145985384
2025-09-18,TRMET,0.19965778585187502,81.6,81.8,False,0.002450980392156854
2025-09-18,TCELL,0.2,94.8,97.0,False,0.02320675105485237
2025-09-22,TRENJ,0.17832489652183237,70.95,73.0,False,0.028893587033121948
2025-09-22,AKSEN,0.2,39.5,39.1,False,-0.010126582278480956
2025-09-22,BIMAS,0.18732471675938664,542.0,538.0,False,-0.0073800738007380184
2025-09-22,CEMTS,0.2,11.63,11.43,False,-0.017196904557179815
2025-09-22,AKENR,0.16437126303055088,11.26,11.04,False,-0.019538188277087087
2025-09-23,AKSEN,0.2,39.1,40.08,False,0.025063938618925752
2025-09-23,TRENJ,0.1522311251511047,73.0,72.5,False,-0.006849315068493178
2025-09-23,TCELL,0.2,99.05,99.6,False,0.005552751135790013
2025-09-23,CCOLA,0.2,47.3,47.02,False,-0.005919661733615134
2025-09-23,MGROS,0.19629225375406037,445.7435,447.729,False,0.004454355475738803
2025-09-24,AKSEN,0.2,40.08,39.86,False,-0.005489021956087803
2025-09-24,NUHCM,0.2,228.5,226.9,False,-0.0070021881838073785
2025-09-24,TRENJ,0.15829894634773775,72.5,72.9,False,0.0055172413793105335
2025-09-24,TCELL,0.2,99.6,98.2,False,-0.014056224899598346
2025-09-24,BIMAS,0.1711078241863273,536.5,532.0,False,-0.008387698042870428
2025-09-25,AKSEN,0.2,39.86,38.44,False,-0.035624686402408456
2025-09-25,FONET,0.14182586513661977,2.5215,2.5046,False,-0.006702359706523997
2025-09-25,CCOLA,0.2,46.4,45.9,False,-0.010775862068965525
2025-09-25,SOKM,0.2,36.76,36.14,False,-0.01686615886833509
2025-09-25,BIMAS,0.18045977020581103,532.0,526.0,False,-0.011278195488721776
2025-09-29,AKSEN,0.2,36.42,37.28,False,0.023613399231191545
2025-09-29,FONET,0.15778391287353233,2.4708,2.4554,False,-0.006232799093411123
2025-09-29,NUHCM,0.2,221.0,223.1,False,0.00950226244343888
2025-09-29,BMSCH,0.16042933420567093,14.08,14.75,False,0.04758522727272729
2025-09-29,SOKM,0.2,35.66,36.4,False,0.020751542344363383
2025-09-30,AKSEN,0.2,37.28,38.62,False,0.0359442060085835
2025-09-30,FONET,0.15103948494554,2.4554,2.5985,False,0.05827971002687948
2025-09-30,NUHCM,0.2,223.1,223.2,False,0.00044822949350065144
2025-09-30,OZKGY,0.19496573689585533,13.14,13.31,False,0.012937595129375978
2025-09-30,SOKM,0.2,36.4,37.3,False,0.024725274725274637
2025-10-01,AKSEN,0.2,38.62,39.32,False,0.01812532366649422
2025-10-01,NUHCM,0.2,223.2,219.9,False,-0.014784946236559016
2025-10-01,BMSCH,0.15786356082384723,14.84,14.8,False,-0.0026954177897573484
2025-10-01,FONET,0.15192453577370718,2.5985,2.5877,False,-0.004156243986915609
2025-10-01,SOKM,0.2,37.3,37.1,False,-0.005361930294906059
2025-10-02,AKSEN,0.2,39.32,37.64,False,-0.042726347914547325
2025-10-02,FONET,0.16145222095063483,2.5877,2.5077,False,-0.03091548479344597
2025-10-02,MAGEN,0.18676934327018416,21.8,22.0,False,0.00917431192660545
2025-10-02,NUHCM,0.2,219.9,218.8,False,-0.005002273760800313
2025-10-02,BMSCH,0.1671265743873163,14.8,15.09,False,0.01959459459459456
2025-10-06,AKSEN,0.19807163728110458,36.96,40.38,False,0.09253246753246747
2025-10-06,MAGEN,0.18176960329587927,21.5,22.2,False,0.032558139534883734
2025-10-06,FONET,0.1578456599475161,2.4846,2.48,False,-0.0018514046526603156
2025-10-06,BRISA,0.1869723023146976,77.7,80.05,False,0.03024453024453022
2025-10-06,SOKM,0.2,36.26,37.0,False,0.020408163265306145
2025-10-07,SOKM,0.2,37.0,38.18,False,0.03189189189189179
2025-10-07,AKSEN,0.15161750072397662,40.38,39.0,False,-0.034175334323922835
2025-10-07,FONET,0.15371548602666757,2.48,2.4554,False,-0.009919354838709649
2025-10-07,MAGEN,0.17569922984857578,22.2,21.94,False,-0.011711711711711592
2025-10-07,CCOLA,0.2,47.18,47.0,False,-0.0038151759220008685
2025-10-08,FONET,0.15592740788278273,2.4554,2.7,False,0.09961717031848183
2025-10-08,AKSEN,0.1485026901500942,39.0,41.36,False,0.060512820512820475
2025-10-08,SOKM,0.2,38.18,37.14,False,-0.027239392352016778
2025-10-08,CCOLA,0.2,47.0,46.82,False,-0.003829787234042592
2025-10-08,BRISA,0.18357174031480905,80.6,79.4,False,-0.014888337468982438
2025-10-09,CCOLA,0.2,46.82,46.9,False,0.0017086715079026593
2025-10-09,AKSEN,0.12709430761978963,41.36,44.18,False,0.06818181818181812
2025-10-09,HLGYO,0.18283627813184022,3.6,3.7,False,0.0277777777777779
2025-10-09,NTHOL,0.2,42.72,43.48,False,0.01779026217228452
2025-10-13,SOKM,0.19118622039978372,37.44,37.5,False,0.0016025641025640969
2025-10-13,ODAS,0.1974146150124833,5.18,5.3,False,0.02316602316602312
2025-10-13,CANTE,0.161775900990052,2.09,2.04,False,-0.023923444976076458
2025-10-13,CCOLA,0.2,46.48,45.6,False,-0.018932874354561036
2025-10-13,BRISA,0.15822127891747206,76.2,76.55,False,0.0045931758530182165
2025-10-14,MAGEN,0.2,21.32,22.22,False,0.04221388367729828
2025-10-14,SOKM,0.2,37.5,38.22,False,0.019199999999999884
2025-10-14,HLGYO,0.17204691348550127,3.54,3.58,False,0.011299435028248705
2025-10-14,CANTE,0.1469715268838543,2.04,2.05,False,0.004901960784313708
2025-10-14,CCOLA,0.2,45.6,46.54,False,0.020614035087719307
2025-10-15,MAGEN,0.2,22.22,24.38,False,0.09720972097209724
2025-10-15,BRISA,0.18432317304916454,76.75,81.0,False,0.055374592833876246
2025-10-15,CANTE,0.17221532373387524,2.05,2.01,False,-0.019512195121951237
2025-10-15,ODAS,0.2,5.25,5.2,False,-0.00952380952380949
2025-10-15,HLGYO,0.19719903959864515,3.58,3.54,False,-0.011173184357541888
2025-10-16,HLGYO,0.199700971095115,3.54,3.43,True,-0.050000000000000044
2025-10-16,CANTE,0.17279003896163536,2.01,1.99,False,-0.00995024875621886
2025-10-16,ODAS,0.2,5.2,5.01,False,-0.03653846153846163
2025-10-16,MAGEN,0.14463343186376587,24.38,24.88,False,0.020508613617719496
2025-10-16,AKFGY,0.2,2.47,2.46,False,-0.004048582995951455
2025-10-20,CANTE,0.18358924449654002,2.0,1.97,False,-0.015000000000000013
2025-10-20,HLGYO,0.2,3.52,3.57,False,0.014204545454545414
2025-10-20,TATGD,0.2,12.22,12.1,False,-0.009819967266775809
2025-10-20,ODAS,0.2,5.07,5.11,False,0.007889546351084853
2025-10-20,AKSEN,0.1126602314697017,48.86,48.1,False,-0.015554645927138733
2025-10-21,CANTE,0.1950789356489185,1.97,2.16,False,0.09644670050761439
2025-10-21,AKSEN,0.11609531739820836,48.1,48.14,False,0.0008316008316007206
2025-10-21,MAGEN,0.16180816734913622,25.38,25.02,False,-0.014184397163120588
2025-10-21,ODAS,0.2,5.11,5.62,False,0.09980430528375739
2025-10-21,EUPWR,0.2,26.1,26.02,False,-0.0030651340996169507
2025-10-22,MAGEN,0.16608842201912682,25.02,23.92,False,-0.04396482813748992
2025-10-22,CANTE,0.14361976317988182,2.16,2.14,False,-0.0092592592592593
2025-10-22,AKSEN,0.11898136324690259,48.14,48.02,False,-0.00249272953884494
2025-10-22,VESBE,0.2,8.41,8.4,False,-0.0011890606420926764
2025-10-22,HLGYO,0.2,3.63,3.99,False,0.09917355371900838
2025-10-23,CANTE,0.1493800648300737,2.14,2.26,False,0.05607476635513997
2025-10-23,MAGEN,0.16139347588956215,23.92,23.38,False,-0.022575250836120553
2025-10-23,AKSEN,0.12336759817618352,48.02,48.0,False,-0.0004164931278634043
2025-10-23,TATGD,0.2,12.12,13.33,False,0.09983498349834985
2025-10-23,EUPWR,0.2,26.0,26.94,False,0.0361538461538462
2025-10-27,MAGEN,0.13384865958529404,25.7,28.26,False,0.09961089494163433
2025-10-27,AKSEN,0.14107584226846825,48.0,48.48,False,0.010000000000000009
2025-10-27,CCOLA,0.2,51.6,50.95,False,-0.012596899224806224
2025-10-27,TRALT,0.18599564861888493,25.6,25.4,False,-0.007812500000000111
2025-10-30,TRALT,0.1729898043189878,27.2,26.88,False,-0.0117647058823529
2025-10-30,MGROS,0.2,443.5099,450.2109,False,0.015109020114319804
2025-10-30,CANTE,0.1670572128192634,2.25,2.42,False,0.0755555555555556
2025-10-30,TTKOM,0.2,51.4,51.0,False,-0.0077821011673151474
2025-10-30,AKSEN,0.15304722389180342,49.22,52.0,False,0.056481105241771745
2025-11-03,TRALT,0.19556662434806288,27.52,26.86,False,-0.02398255813953487
2025-11-03,TRMET,0.2,90.45,89.05,False,-0.015478164731896116
2025-11-03,TRENJ,0.17680796524392808,75.95,74.5,False,-0.019091507570770272
2025-11-03,MIATK,0.2,38.92,38.18,False,-0.0190133607399795
2025-11-03,MAGEN,0.14579004727072112,28.76,28.5,False,-0.009040333796940248
2025-11-04,TRALT,0.15981017844422113,26.86,26.92,False,0.0022338049143708627
2025-11-04,TRMET,0.1833426841412104,89.05,87.35,False,-0.019090398652442442
2025-11-04,MGROS,0.2,452.6928,458.4011,False,0.012609654935974213
2025-11-04,TRENJ,0.14580333587237876,74.5,72.95,False,-0.020805369127516737
2025-11-04,TTKOM,0.2,50.0,55.0,False,0.1
2025-11-05,INDES,0.2,8.46,8.69,False,0.027186761229314182
2025-11-05,BIMAS,0.1884740188042682,529.5,551.5,False,0.041548630783758256
2025-11-05,VESBE,0.2,8.98,9.08,False,0.011135857461024523
2025-11-05,KMPUR,0.1538839093197674,18.88,18.71,False,-0.009004237288135486
2025-11-05,CCOLA,0.2,54.95,55.4,False,0.008189262966332933
2025-11-06,VESBE,0.2,9.08,8.83,False,-0.02753303964757714
2025-11-06,BIMAS,0.16973440858943337,551.5,556.0,False,0.008159564823209342
2025-11-06,INDES,0.18731597763651395,8.69,8.48,False,-0.024165707710011364
2025-11-06,CCOLA,0.2,55.4,55.0,False,-0.0072202166064981865
2025-11-06,AEFES,0.1967375946618331,14.84,14.43,False,-0.027628032345013542
2025-11-10,INDES,0.19541577007989944,8.25,7.81,True,-0.050000000000000044
2025-11-10,VESBE,0.2,8.7,8.43,True,-0.050000000000000044
2025-11-10,KIMMR,0.1341206422864318,15.57,15.66,False,0.005780346820809301
2025-11-10,JANTS,0.2,20.2,19.7,False,-0.024752475247524774
2025-11-10,TRALT,0.15409358912879212,28.54,28.18,False,-0.01261387526278901
2025-11-11,INDES,0.19735688121865638,7.81,7.64,False,-0.0217669654289373
2025-11-11,HUNER,0.2,3.52,3.51,False,-0.0028409090909091717
2025-11-11,KMPUR,0.15819308243749047,16.42,16.08,False,-0.020706455542022106
2025-11-11,VESBE,0.2,8.43,8.34,False,-0.010676156583629859
2025-11-11,AKENR,0.15401168158025652,10.07,10.04,False,-0.002979145978153075
2025-11-12,INDES,0.19084939413175456,7.64,7.67,False,0.003926701570680757
2025-11-12,VESBE,0.2,8.34,8.31,False,-0.003597122302158251
2025-11-12,KMPUR,0.15875719683704212,16.08,15.88,False,-0.01243781094527352
2025-11-12,HUNER,0.2,3.51,3.49,False,-0.005698005698005604
2025-11-12,TRALT,0.143442391143641,30.98,32.7,False,0.05551969012265978
2025-11-13,INDES,0.1784972887941292,7.67,7.48,False,-0.024771838331160256
2025-11-13,VESBE,0.2,8.31,8.23,False,-0.00962695547533099
2025-11-13,KMPUR,0.13995686062095974,15.88,15.66,False,-0.013853904282115859
2025-11-13,HUNER,0.18891658058441899,3.49,3.46,False,-0.008595988538682042
2025-11-13,GWIND,0.2,23.78,23.48,False,-0.012615643397813292
2025-11-17,INDES,0.16996129429794288,7.55,7.52,False,-0.003973509933774877
2025-11-17,VESBE,0.2,8.38,8.34,False,-0.004773269689737569
2025-11-17,KMPUR,0.13286578522022666,15.99,15.42,False,-0.03564727954971858
2025-11-17,GWIND,0.2,23.8,23.6,False,-0.008403361344537785
2025-11-17,BIOEN,0.2,20.44,20.3,False,-0.006849315068493178
